Name,Size at Posting,Created,Type,Likes,Comments,Shares,Love,Wow,Haha,Sad,Angry,Thankful,Video Share Status,Post Views,Total Views,Total Views for all Crossposts,URL,Message,Link,Final Link,Link Text,Description,Sponsor Id,Sponsor Name,Score
蘋果日報 台灣,3770980,2018-04-27 11:10:01 SGT,Link,11919,638,395,398,143,1202,13,232,0,,0,0,0,https://www.facebook.com/appledaily.tw/posts/10157037630687069,無罪撤銷，改判15年！ #蘋果最新 　 #頂新 #黑心油 #食安 #魏應充,https://tw.news.appledaily.com/local/realtime/20180427/1340479/,,【頂新劣油】魏應充無罪撤銷　逆轉改判15年,曾引起全台食安風暴的頂新劣油案，台中高分院今天改判魏應充15年。2013年頂新製油爆發劣油事件，檢方認為魏應充等6人涉嫌進口越南大幸福公司...,,,14940.0
蘋果日報 台灣,3770980,2018-04-27 20:30:01 SGT,Native Video,6006,1282,1837,152,24,3512,4,4,0,crosspost,149746,276990,300285,https://www.facebook.com/appledaily.tw/posts/10157038514007069,小胖好像比較會跳捏，屁屁很會扭~~~　#鬼編 　 圖文報導→【今天抖音了嗎】文金世紀一握　牽手情變趣味動畫 https://tw.appledaily.com/new/realtime/20180427/1343009 　 #蘋果精選影片,https://www.facebook.com/appledaily.tw/videos/10157038508167069/,,【今天抖音了嗎】文金世紀一握　牽手情變趣味動畫,,,,12821.0
蘋果日報 台灣,3770878,2018-04-27 00:00:01 SGT,Link,4742,404,160,12,75,229,35,1459,0,,0,0,0,https://www.facebook.com/appledaily.tw/posts/10157036085807069,「有些族群就是能夠明目張膽的無差別打人，欺壓弱勢，因為他們已經這樣做，很久了，習慣了。」 　 蔡依橙的閱讀筆記,https://tw.news.appledaily.com/life/realtime/20180426/1342354/,,八百壯士闖醫院　醫師批：他們欺壓弱勢習慣了,反軍改的八百壯士昨在立法院周邊發起陳抗事件，有部分群眾聚集、侵入立院附近的台大醫院與台大兒童醫............,,,7116.0
蘋果日報 台灣,3770980,2018-04-27 12:41:44 SGT,Link,6016,169,136,9,471,58,27,5,0,,0,0,0,https://www.facebook.com/appledaily.tw/posts/10157037806677069,怎麼覺得有點毛（抖 　 #送肉粽 #爆廢公社,https://tw.news.appledaily.com/life/realtime/20180427/1342642/,,什麼是「送肉粽」？她爆小孩鐵齒看　隔天車禍亡,彰化本月25日、27日「送肉粽」，1周內就有2場，讓不少人好奇「送肉粽」是什麼？還有網友呼籲別鐵齒，她曾聽過有小孩看熱鬧，結果隔天就車禍死亡...,,,6891.0
蘋果日報 台灣,3770878,2018-04-27 01:50:00 SGT,Link,3450,295,161,14,404,11,1247,1292,0,,0,0,0,https://www.facebook.com/appledaily.tw/posts/10157036378827069,看到寵物正在受苦難，卻無法幫忙脫困，真的很無力啊！ 　 #蘋果國際,https://tw.lifestyle.appledaily.com/animal/realtime/20180427/1342397/,,兇狠比特犬闖屋　女驚泣：牠在啃食我的貓,美國紐澤西洲一名殘障女子的房子，日前遭到鄰居家飼養的比特犬闖入，而且竟然就在客廳虐殺她飼養的貓咪.........,,,6874.0
蘋果日報 台灣,3770980,2018-04-27 19:00:02 SGT,Link,5273,241,424,35,211,509,3,119,0,,0,0,0,https://www.facebook.com/appledaily.tw/posts/10157038351382069,士林地院法官從照片角度研判，警察當時是躲在天橋上拍照，該地點非主管核定，因此認定警察取締方式違法，判當事人勝訴免罰。 　 #蘋果社會 🍎不一樣的蘋果日報，加入我們的IG吧 👉 https://goo.gl/HxyZnq:=:https://www.instagram.com/appledailytw/,https://tw.news.appledaily.com/local/realtime/20180427/1342969/,,警察躲天橋抓闖紅燈　法官打臉：違法免罰,新北市賴姓男子前年開車闖紅燈，被警察拍照取締，不久後就收到一張2700元的罰單，但賴男不.........,,,6815.0
蘋果日報 台灣,3770980,2018-04-27 17:00:37 SGT,Link,5686,188,57,13,140,350,5,44,0,,0,0,0,https://www.facebook.com/appledaily.tw/posts/10157038206632069,這段三角關係終於要落幕了 #7pupu編 　 #倪安東 倪安東 Anthony #管罄 管罄 Kris Kuan 🍎追星追美食，加入蘋果日報IG 👉 https://goo.gl/HxyZnq:=:https://www.instagram.com/appledailytw/,https://tw.entertainment.appledaily.com/realtime/20180427/1342865/,,【倪安東偷吃】離婚成定局　小三管罄賠錢換撤告,從「星光幫」走紅的混血歌手倪安東與女歌手管罄婚外情，去年6月因《壹週刊》拍到兩人激吻照而曝光，倪妻Vivi怒對丈夫與管罄連帶求償200萬元，...,,,6483.0
蘋果日報 台灣,3770980,2018-04-27 15:01:04 SGT,Link,4533,133,96,24,90,352,1,5,0,,0,0,0,https://www.facebook.com/appledaily.tw/posts/10157037946292069,真是太誇張了，怎麼可以這樣穿呢！讓我去現場檢舉他！！(#天編 　 #蘋果生活 #爆廢公社 🍎加入《蘋果》LINE，熱門新聞報你知 👉 https://goo.gl/pQ9xTe:=:https://line.me/R/ti/p/%40appledailytw,https://tw.news.appledaily.com/life/realtime/20180427/1342714/,,長腿娕妹「屁股蛋」當餌　男人全跑到她後面,網友在臉書社團PO文，仔細一看不得了，一位長腿辣妹在池邊釣魚，只見她釣竿往前甩，男釣友們卻全跑到後面來...　,,,5234.0
蘋果日報 台灣,3770980,2018-04-27 09:58:48 SGT,Link,3828,209,50,18,51,159,15,83,0,,0,0,0,https://www.facebook.com/appledaily.tw/posts/10157037494952069,T妹透露，「我孩子的生父，拿了我三百萬！我連吭都沒有吭一聲！最後還不是一個人把寶寶生下來！再苦、再累 我也必須對小生命負責，因為寶寶是無辜的！」 　 #網紅 #T妹 🍎蘋果日報IG強勢回歸 👉 https://goo.gl/HxyZnq:=:https://www.instagram.com/appledailytw/,https://tw.news.appledaily.com/life/realtime/20180427/1342535/,,T妹小孩生父曝光！「父不詳」拿了她300萬,網紅T妹（Tiffany Chen）看到有女生以為懷孕就能結婚，結果男方反悔，女生去墮胎的新聞後，有感而發透露出孩子的生父！T妹2月接受《蘋...,,,4413.0
蘋果日報 台灣,3770980,2018-04-27 09:01:33 SGT,Link,3815,85,37,26,173,132,1,0,0,,0,0,0,https://www.facebook.com/appledaily.tw/posts/10157037383502069,兩個人握手真的是活久見的歷史性畫面啊！ 　 【不斷更新】文在寅見金正恩的第一句話：很高興見到你　兩人牽手穿越軍事分界線 https://tw.news.appledaily.com/international/realtime/20180427/1342467/ 　 #國際新聞 #蘋果國際 #KoreaSummit #남북정상회담 #김정은 #southkorea #northkorea #문재인 #MoonJaein #KimJongun 문재인 #한국 #조선 #文在寅 #金正恩 #兩韓峰會,https://tw.news.appledaily.com/international/realtime/20180427/1342509/,,【峰會直擊】目睹歷史性握手　現場記者一陣歡呼,兩韓領導人高峰會今日登場，《蘋果日報》記者絕對不能缺席，特地派人前往首爾近距離紀錄這場世紀峰會。《蘋果》記者今早抵達南韓政府設置的新聞中心...,,,4269.0
蘋果日報 台灣,3770980,2018-04-27 11:22:19 SGT,Link,3018,320,186,3,358,306,6,13,0,,0,0,0,https://www.facebook.com/appledaily.tw/posts/10157037659022069,最近這款車的輪胎似乎很容易被偷，開這款車的粉粉要當心！ 　 #Altis #蘋果生活,https://tw.news.appledaily.com/local/realtime/20180427/1342572/,,一早醒來！路邊停車4輪全不見　網傳這款車恐被盯,驚！一早醒來，停在路邊的車子，4輪全不見！網友在《臉書》社團「通霄人(讚)出來」發文，姊姊昨晚回家，停在住家附近的路邊，今早鄰居告知該車4輪...,,,4210.0
蘋果日報 台灣,3770980,2018-04-27 12:22:27 SGT,Link,3209,84,19,6,103,424,20,8,0,,0,0,0,https://www.facebook.com/appledaily.tw/posts/10157037764642069,他只上了一天班，就被老闆「炒魷魚」了...... 　 【這杯飲料讓他飆髒話　網紅轉行？做的人竟是他】 https://tw.news.appledaily.com/life/realtime/20180426/1341740 　 #FBI帥哥 #網紅 #鄧佳華,https://tw.news.appledaily.com/life/realtime/20180427/1342566/,,鄧佳華夜市打工被PO網　慘！只做一天就失業,,,,3873.0
蘋果日報 台灣,3770980,2018-04-27 16:40:39 SGT,Link,2275,171,160,7,1001,11,160,57,0,,0,0,0,https://www.facebook.com/appledaily.tw/posts/10157038178397069,越來越多受害者了Σ( ° △ °) #7pupu編 　 【咩姊台語】嘉義豆奶攤傳食物中毒　暴斃碩士生當天曾用餐 https://tw.news.appledaily.com/local/realtime/20180426/1342309/ 　 #民雄豆奶攤 🍎加入《蘋果》LINE，隨時掌握天下事 👉 https://goo.gl/pQ9xTe:=:https://line.me/R/ti/p/%40appledailytw,https://tw.news.appledaily.com/local/realtime/20180427/1342668/,,嘉義豆奶攤食物中毒案延燒　連暴斃碩生已9人中招,中正大學林姓研究生本月21日知名的嘉…,,,3842.0
蘋果日報 台灣,3770980,2018-04-27 17:23:30 SGT,Link,2510,73,42,194,11,4,906,5,0,,0,0,0,https://www.facebook.com/appledaily.tw/posts/10157038227752069,「司機也只是為了養家活，背負3條人命的罪，他一定也很痛苦，這樣想似乎讓我比較能理解，也比較能原諒」 　 【不斷更新】2警全身骨折亡　死亡貨車司機違規罰單擬撤銷 https://tw.appledaily.com/new/realtime/20180423/1339604/ 　 #國道車禍 #警察殉職 #蘋果社會,https://tw.news.appledaily.com/local/realtime/20180427/1342693/,,【寬恕片】殉職國道警遺孀PO文　放下憤怒原諒肇事司機,發生在23日凌晨於國道一號南下308公里處，遭大貨車撞…,,,3745.0
蘋果日報 台灣,3770878,2018-04-27 07:25:05 SGT,Link,2535,178,18,22,96,869,2,17,0,,0,0,0,https://www.facebook.com/appledaily.tw/posts/10157037201362069,眼尖網友認出，林男就是去年底把98汽油加成95，怒賞加油站員工巴掌的「賓利哥」... #千萬賓利 #遭砸爛 #車主 #加油站員工 前情提要： 《千萬賓利摩鐵開出就被砸　原因揭曉是女人戰爭》 https://tw.news.appledaily.com/local/realtime/20180425/1340997,https://tw.appledaily.com/new/realtime/20180427/1342502,,遭砸爛的賓利「車主是他」　曾怒打加油站員工,,,,3737.0
蘋果日報 台灣,3770980,2018-04-27 10:34:16 SGT,Link,2485,271,131,15,103,349,25,24,0,,0,0,0,https://www.facebook.com/appledaily.tw/posts/10157037561157069,以前是中國女希望嫁來台灣，現在台灣女生嫁去中國的情況也越來越多！ 　 #兩岸聯姻 #中國 #台灣 🍎加入《蘋果》LINE，隨時掌握天下事 👉 https://goo.gl/pQ9xTe:=:https://line.me/R/ti/p/%40appledailytw,https://tw.news.appledaily.com/life/realtime/20180427/1342512/,,世界變了！　台灣女嫁中國男「倍增」,《聯合新聞網》報導，越來越多台灣女性嫁給中國男士，根據內政部統計，「台灣女中國男」結婚登記人數，10年來呈倍數成長。 以前是中國女...,,,3403.0
蘋果日報 台灣,3770980,2018-04-27 20:22:31 SGT,Link,3288,19,15,43,1,15,0,0,0,,0,0,0,https://www.facebook.com/appledaily.tw/posts/10157038531172069,小戴讚啦🎉🎉🎉🎉🎉 　 #蘋果體育 #戴資穎 戴資穎/ Tai Tzu Ying 🍎加入《蘋果》LINE，隨時掌握天下事 👉 https://goo.gl/pQ9xTe:=:https://line.me/R/ti/p/%40appledailytw,https://tw.sports.appledaily.com/realtime/20180427/1342235/,,【亞錦賽】戴資穎殺退中國何冰嬌 　連3場直落2勝晉4強,23歲的戴資穎比何冰嬌大2歲，身高方面戴資穎163公分，比左手持拍的.............,,,3381.0
蘋果日報 台灣,3770878,2018-04-27 00:50:00 SGT,Link,2616,51,18,6,217,218,11,47,0,,0,0,0,https://www.facebook.com/appledaily.tw/posts/10157036391867069,小王還是同事...... 　 #蘋果社會 #婚外情,https://tw.news.appledaily.com/local/realtime/20180427/1342421/,,【綠光片】人妻在家裸睡　竟是剛與小王辦完事,回家發現老婆在裸睡，一問才知竟是跟小王剛嘿休完，而小王還是同事，這口氣叫人夫怎麼吞下去..................,,,3184.0
蘋果日報 台灣,3770878,2018-04-27 04:00:02 SGT,Link,2541,192,39,7,129,79,4,98,0,,0,0,0,https://www.facebook.com/appledaily.tw/posts/10157035811397069,有時候，好奇心也不要太重啦... (#在那編) 　 #蘋果社會,https://tw.news.appledaily.com/local/realtime/20180426/1341962/,,【有片】軍人路過私娼寮好奇拍照　遭10餘惡煞追砍,新竹縣湖口營區旁存在已久的榮光路私娼寮，發生離譜傷人事件！一名現役軍人本月5日休假時，因日前檢警多次掃蕩，對私娼寮感到好...,,,3089.0
蘋果日報 台灣,3770878,2018-04-27 01:40:00 SGT,Link,2293,138,24,13,40,29,5,425,0,,0,0,0,https://www.facebook.com/appledaily.tw/posts/10157036423357069,在牢裡好好檢討吧你！ 　 #蘋果國際,https://tw.news.appledaily.com/international/realtime/20180427/1342312/,,囚28年鞭刑24下　男子3度性侵13歲少女罪成,新加坡一名25歲男子，4年前三度性侵一名當時只有13歲的少女，還替少女拍攝裸照，並在《臉書》上公開.......,,,2967.0
蘋果日報 台灣,3770980,2018-04-27 21:50:00 SGT,Native Video,2500,87,72,55,40,15,1,3,0,share,256767,379346,0,https://www.facebook.com/appledaily.tw/posts/10157038313722069,跑什麼跑，腿長喔 #鄉編 　 #影創中心 影像創意中心 臺北波麗士,https://www.facebook.com/AppleNews.iPlay/videos/439287983195928/,,影像創意中心,"負重兩公斤還能抓到犯人
不要小看女警的實力🙅‍♀

點我看警察追捕犯人的紀錄👉
https://ppt.cc/fv4fPx:=:https://tw.appledaily.com/new/realtime/20180427/1342807

臺北波麗士

#女警追hen快 #亮麗甜美
#認真霸氣 #嫌犯也難逃",,,2773.0
蘋果日報 台灣,3770980,2018-04-27 16:18:00 SGT,Link,2108,74,11,5,109,170,34,4,0,,0,0,0,https://www.facebook.com/appledaily.tw/posts/10157038131037069,小彬彬大嘆已1年半零收入，呈現吃老本狀態....#7pupu編 　 #小彬彬 #蘋果獨家 🍎追星追美食，加入蘋果日報IG 👉 https://goo.gl/HxyZnq:=:https://www.instagram.com/appledailytw/,https://tw.entertainment.appledaily.com/realtime/20180427/1342762/,,【狗仔直擊】廚師出走餐廳關門　小彬彬回鍋只能演瘸子,小彬彬今今年將內湖的羊肉爐收攤，全力經營中山區六條通的羊肉爐熱炒店，但生意依舊慘淡，《蘋果》觀察，此店位於2樓的店址先天條件就不佳，再加上同...,,,2515.0
蘋果日報 台灣,3770878,2018-04-27 01:10:00 SGT,Link,2284,58,42,24,42,41,1,1,0,,0,0,0,https://www.facebook.com/appledaily.tw/posts/10157036348202069,這隻美人魚太辣了啦！ 　 🍎加入《蘋果》LINE，熱門新聞報你知 👉 https://goo.gl/pQ9xTe:=:https://line.me/R/ti/p/%40appledailytw,https://tw.news.appledaily.com/life/realtime/20180427/1342426/,,情色人魚半裸抖美乳　凍袜條「出海捕魚啦」,太辣！有「情色女神」之稱的E奶辣模雪碧（方祺媛），又出招讓粉絲「大失血」了，她昨天在粉專分享.............,,,2493.0
蘋果日報 台灣,3770878,2018-04-27 00:40:00 SGT,Link,1897,74,19,7,33,317,2,15,0,,0,0,0,https://www.facebook.com/appledaily.tw/posts/10157036372602069,有男友就別做這件事了！ 　 🍎加入《蘋果》LINE，熱門新聞報你知 👉 https://goo.gl/pQ9xTe:=:https://line.me/R/ti/p/%40appledailytw,https://tw.news.appledaily.com/local/realtime/20180427/1342434/,,火紅內褲藏不住濃密OO　洋腸開燈狂笑不止,1名哥倫比亞籍男子C先生帶1名台灣女子返回旅館，2人關燈休息後一陣子後，C先生打開床頭燈，見到..........,,,2364.0
蘋果日報 台灣,3770878,2018-04-27 01:20:18 SGT,Link,1375,57,69,6,119,3,663,0,0,,0,0,0,https://www.facebook.com/appledaily.tw/posts/10157036460842069,家屬：「他一直掙扎於找尋意義、人生和幸福，他再也撐不下去」 　 #蘋果娛樂 #艾維奇 #avicii Avicii 再給自己一次機會 自殺防治諮詢安心專線：0800-788995（24小時） 生命線協談專線：1995 張老師專線：1980,https://tw.entertainment.appledaily.com/realtime/20180427/1342466/,,瑞典電音鬼才死因曝光　自殺結束28歲璀璨人生,瑞典知名電音DJ艾維奇（Avicii）上周五（20日）在阿曼首都馬斯喀特猝逝，得年28歲，震驚全球樂迷。當時外媒................,,,2292.0
蘋果日報 台灣,3770980,2018-04-27 15:45:03 SGT,Link,1107,83,104,9,415,30,9,478,0,,0,0,0,https://www.facebook.com/appledaily.tw/posts/10157038099927069,大創居然發生這種事！！(驚) 　 大創 DAISO JAPAN #核災 🍎加入《蘋果》LINE，精采好聞不錯過 👉 https://goo.gl/pQ9xTe:=:https://line.me/R/ti/p/%40appledailytw,https://tw.news.appledaily.com/life/realtime/20180427/1342819/,,竄改日期「偷渡」進口　大創日籍主管鞠躬道歉,大創百貨於2015年進口日本核災食品，遭經濟部國貿局處分禁止輸入貨物6個月...　,,,2235.0
蘋果日報 台灣,3770980,2018-04-27 21:10:10 SGT,Link,1801,97,24,11,83,159,1,21,0,,0,0,0,https://www.facebook.com/appledaily.tw/posts/10157038483582069,真的不能這樣耶！年輕人！ 　 #蘋果社會,https://tw.news.appledaily.com/local/realtime/20180427/1342136/,,【噁心片】OL內搭褲有嘉明味　男大生潛更衣室幹的,台北市1名男大生在南港區經貿園區某知名金融公司擔任工讀生，因愛慕公司女同事，竟潛入更衣室偷走女用.............,,,2197.0
蘋果日報 台灣,3770980,2018-04-27 18:20:00 SGT,Link,1835,73,15,9,50,5,0,1,0,,0,0,0,https://www.facebook.com/appledaily.tw/posts/10157038276402069,人面魚...聽起來亂可怕一把的(´ﾟдﾟ`) #7pupu編 　 #徐若瑄 徐若瑄 Vivian Hsu #鄭人碩 鄭人碩 🍎追星追美食，加入蘋果日報IG 👉 https://goo.gl/HxyZnq:=:https://www.instagram.com/appledailytw/,https://tw.entertainment.appledaily.com/realtime/20180427/1342853/,,《紅衣小女孩》換徐若瑄搞鬼　解密人面魚,電影《紅衣小女孩》前2集大賣，打響本土鄉野傳說改編電影的成功之例。監製曾瀚賢再度領軍拍第3部《人面魚：紅衣小女孩外傳》，今...,,,1988.0
蘋果日報 台灣,3770980,2018-04-27 20:00:02 SGT,Native Video,1446,80,48,29,3,361,1,2,0,crosspost,198789,200225,215451,https://www.facebook.com/appledaily.tw/posts/10157017162452069,[#特約轉播] 追劇看電影時最討厭的事…...第1名非他莫屬 這周末我要去看復仇者，誰爆雷就跟誰翻臉 M&M’s和你一起杜絕爆雷機歪郎，登入發票送你追劇神器，有唉鳳喔!!! https://goo.gl/ZG8FPK:=:https://mmsscreenfun.com.tw/?utm_source=apple_ad&utm_campaign=1 #mms追劇不杯具 #你再爆雷我就要報警了 #好康大獎送給你,https://www.facebook.com/appledaily.tw/videos/10157017157727069/,,M&M’s 追劇不杯具,,199628516771785,M&M's 巧克力俱樂部,1970.0
蘋果日報 台灣,3770980,2018-04-27 12:07:19 SGT,Link,1809,7,31,106,9,0,4,0,0,,0,0,0,https://www.facebook.com/appledaily.tw/posts/10157037735017069,「他從一個習慣受人資助的孩子，到現在主動問我需不需要幫忙，跟我一起處理這些繁雜的事物，他真的長大成熟好多。」時間過得好快，這一班溫暖的孩子都要畢業了啊～ 　 #前情提要【貢丸剩下滿滿的　營養午餐這樣吃讓人飆淚】 https://tw.news.appledaily.com/life/realtime/20170323/1082767 　 #貢丸湯 #暖蘋果 #正能量 #暖新聞,https://tw.news.appledaily.com/life/realtime/20180427/1342591/,,貢丸湯的孩子現在怎麼樣了？後續超暖的,國小教師沈雅琪「神老師&神媽咪」去年3月在臉書分享同學留營養午餐的貢丸湯，給同學打包回家跟阿嬤一起吃的故事，感動許多人，如今事件已經...,,,1966.0
蘋果日報 台灣,3770980,2018-04-27 19:40:00 SGT,Link,1753,32,17,4,21,105,0,0,0,,0,0,0,https://www.facebook.com/appledaily.tw/posts/10157038394427069,看身材就知道了......🏃‍♂️🏃‍♂️🏃‍♂️ 　 【文金會不斷更新】 https://tw.news.appledaily.com/international/realtime/20180427/1342467/ 　 【火線話題】兩韓高峰會 http://bit.ly/2vSVzjM:=:https://tw.appledaily.com/column/index/682/ 🍎不一樣的蘋果日報，加入我們的IG吧 👉 https://goo.gl/HxyZnq:=:https://www.instagram.com/appledailytw/,https://tw.news.appledaily.com/international/realtime/20180427/1342989/,,【世界一瞬間】保鑣跟著汽車跑　金正恩出場保鑣秀搶鏡,一張照片勝過千言萬語！   《蘋果日報》搜集每天國內外各地最精..........,,,1932.0
蘋果日報 台灣,3770980,2018-04-27 19:20:00 SGT,Link,1275,34,20,24,13,8,411,8,0,,0,0,0,https://www.facebook.com/appledaily.tw/posts/10157038359967069,一年了！妳過得好嗎？.........希望妳很好！ 　 【#火線話題】台版 #MeToo https://goo.gl/woXGBD:=:https://tw.appledaily.com/column/index/598/ #蘋果國際 #林奕含 #房思琪 🍎不一樣的蘋果日報，加入我們的IG吧 👉 https://goo.gl/HxyZnq:=:https://www.instagram.com/appledailytw/,https://tw.news.appledaily.com/international/realtime/20180427/1342917/,,林奕含逝世周年！BBC稱她引領港台MeToo風潮,今日是林奕含逝世周年，零星有網友在網路上悼念林奕含。而也有外國媒體整理了相關報導，也提醒大家...........,,,1793.0
蘋果日報 台灣,3770878,2018-04-27 05:40:00 SGT,Link,1424,37,17,7,25,163,1,3,0,,0,0,0,https://www.facebook.com/appledaily.tw/posts/10157036153942069,做人要低調阿！ 　 #蘋果國際 #中國,https://tw.news.appledaily.com/international/realtime/20180426/1342231/,,正妹撂話自己有地位　「賣逼」辱人遭街頭暴打,中國江蘇南京市一名正妹自豪「在南京有地位」，結果跑到無錫市去嗆聲辱人「賣逼」，慘遭摑臉及....................,,,1677.0
蘋果日報 台灣,3770980,2018-04-27 22:40:28 SGT,Link,1482,3,11,19,12,3,118,0,0,,0,0,0,https://www.facebook.com/appledaily.tw/posts/10157038726537069,真的都要珍惜身邊的人啊！ 　 #蘋果娛樂 夏于喬(喬喬),https://tw.entertainment.appledaily.com/realtime/20180427/1343038/,,夏于喬憶安鈞璨淚崩　來不及說愛你留遺憾,夏于喬在民視金鐘劇《薛丁格的貓》一場回憶父親離世的戲，在片場淚崩痛哭，讓旁人看了都心疼不已...........,,,1648.0
蘋果日報 台灣,3770878,2018-04-27 07:10:00 SGT,Native Video,1240,133,106,27,112,9,1,1,0,share,304876,362923,0,https://www.facebook.com/appledaily.tw/posts/10157035638217069,看看你家小蛙還嫌司康難吃，真的呱呱都吃蟑螂呢... 　 看更多 #影片，請加入 蘋果動未條,https://www.facebook.com/appledaily.animation/videos/851976378334885/,,蘋果動未條,"好多蛙兒子喔... #旁編 🐸🐸🐸
　
圖文報導→【台版旅蛙】他花百萬築養蛙夢　旅蛙真實版超難伺候
https://tw.news.appledaily.com/life/realtime/20180423/1337223
　
【完整 #動新聞】
https://tw.video.appledaily.com/life/20180423/1337223/
　
看更多 #影片，請加入 蘋果動未條
#蘋果生活 #旅蛙 #微視蘋 #青蛙",,,1629.0
蘋果日報 台灣,3770980,2018-04-27 09:31:35 SGT,Link,809,140,30,5,35,384,1,194,0,,0,0,0,https://www.facebook.com/appledaily.tw/posts/10157037439402069,已經一個月沒公開資金流向了，花蓮王說到要做到啊 　 #花蓮地震 #傅崐萁 傅崐萁,https://tw.news.appledaily.com/life/realtime/20180427/1342530/,,說好的一周一報呢？網友揪傅崐萁震災承諾跳票,花蓮大地震後，花蓮縣長傅崐萁曾表示，會「週公開資金流向」，但卻有網友發現，從3/26後，花蓮縣政府0206震災專區的捐款專戶支出明細就已經沒...,,,1598.0
蘋果日報 台灣,3770980,2018-04-27 15:20:12 SGT,Link,1125,73,29,4,194,6,23,135,0,,0,0,0,https://www.facebook.com/appledaily.tw/posts/10157038042757069,都拿不太動了還要搭手扶梯，別害人了啦 　 #蘋果國際 #手扶梯 #行李箱 🍎加入《蘋果》LINE，拒當知識魯窮宅 👉 https://goo.gl/pQ9xTe:=:https://line.me/R/ti/p/%40appledailytw,https://tw.news.appledaily.com/international/realtime/20180427/1342783/,,【影片】恐怖行李箱　女子如保齡球被鏟飛爆血,中國深圳有一名女子在地鐵站搭乘下行扶梯時，手中的行李箱突然失控下滑，順著扶梯快速滾落...　,,,1589.0
蘋果日報 台灣,3770878,2018-04-27 03:00:01 SGT,Link,1239,46,31,4,166,73,1,1,0,,0,0,0,https://www.facebook.com/appledaily.tw/posts/10157036094622069,來路不明的東西，真的不要亂拿阿！ 　 #蘋果國際 #泰國,https://tw.news.appledaily.com/international/realtime/20180426/1342386/,,擅取古廟內磚石　遊客身染不明重病,一名觀光客，日前前往泰國大城歷史公園內的查瓦塔納蘭寺遊覽時，擅自將寺廟內的一塊磚石帶回家，沒想到............,,,1561.0
蘋果日報 台灣,3770980,2018-04-27 13:00:01 SGT,Link,1479,20,4,4,10,24,0,2,0,,0,0,0,https://www.facebook.com/appledaily.tw/posts/10157037809867069,拿掉假睫毛反而感覺比較美呀～ 　 #陳海茵 #卸妝 #蘋果娛樂 新聞主播 陳海茵 🍎美景美圖美女，盡在蘋果日報IG 👉 https://goo.gl/HxyZnq:=:https://www.instagram.com/appledailytw/,https://tw.entertainment.appledaily.com/realtime/20180427/1342627/,,女主播上妝VS素顏照曝光　網友驚呆了,東森主播陳海茵和老公育有2歲多的女兒喜羊羊，常在臉書粉絲團和網友互動的她，上傳了一張半素顏的照片，結果讓一堆網友驚呆了，因為真的…,,,1543.0
蘋果日報 台灣,3770980,2018-04-27 22:20:00 SGT,Link,1259,59,95,21,83,6,0,1,0,,0,0,0,https://www.facebook.com/appledaily.tw/posts/10157038774897069,好棒啊！超方便的！ 　 【日本鬆綁退稅限制　7月上路！家電藥品合計免稅】 https://tw.news.appledaily.com/life/realtime/20180427/1342492/ 　 #蘋果生活 🍎蘋果日報IG強勢回歸 👉 https://goo.gl/HxyZnq:=:https://www.instagram.com/appledailytw/,https://tw.news.appledaily.com/life/realtime/20180427/1342666/,,【影片】悠遊聯名卡前進沖繩　今年7月可搭沖繩電車,近來墾丁陸續傳出物價太高的負面消息，影響民眾觀光意願，許多人寧願赴日本沖繩觀光，也不想再到墾丁..........,,,1524.0
蘋果日報 台灣,3770980,2018-04-27 21:20:22 SGT,Link,1242,13,15,5,118,8,105,4,0,,0,0,0,https://www.facebook.com/appledaily.tw/posts/10157038651677069,R.I.P...🙏🙏🙏 　 #蘋果社會,https://tw.news.appledaily.com/local/realtime/20180427/1343083/,,貨車狹路會車停路邊　機車騎士從後撞上身亡,台東今晚7時許發生1起死亡車禍，1輛貨車行經卑南鄉和平路時，因路口狹窄，對向又有來車，貨車司機..........,,,1510.0
蘋果日報 台灣,3770878,2018-04-27 03:30:00 SGT,Link,1296,38,8,2,26,106,1,1,0,,0,0,0,https://www.facebook.com/appledaily.tw/posts/10157035409797069,恭喜你成功吸引到記者的注意了🎉#7pupu編 　 #蘋果社會,https://tw.news.appledaily.com/local/realtime/20180426/1341808/,,長髮男大街露鳥要人看　網友譏：有30公分嗎,屏東市一名留著長髮的男子穿著邋遢，今天凌晨騎單車經過民族觀光夜市附近時，突然在路中央停下來，脫下褲子露鳥，還口中唸唸有詞大喊「記者要來」、「...,,,1478.0
蘋果日報 台灣,3770980,2018-04-27 08:33:25 SGT,Link,1341,14,27,7,42,31,0,0,0,,0,0,0,https://www.facebook.com/appledaily.tw/posts/10157037326647069,#最新 握手啦！！ #不斷更新 #金正恩 #文在寅 #歷史之握,https://tw.appledaily.com/new/realtime/20180427/1342467,,​【不斷更新】金正恩抵板門店　和文在寅歷史之握,,,,1462.0
蘋果日報 台灣,3770980,2018-04-27 18:40:00 SGT,Link,1285,14,14,66,3,11,1,0,0,,0,0,0,https://www.facebook.com/appledaily.tw/posts/10157038326357069,不只是撿回相機，更搭起台日友好的橋樑💕#7pupu編 　 【暖暖的】萬名網友齊轉貼　日本女大生找回遺失934天相機 https://tw.news.appledaily.com/life/realtime/20180329/1324519 　 【#火線話題】暖蘋果新聞 給你滿滿正能量 https://goo.gl/WH371c:=:https://tw.news.appledaily.com/column/index/115/ 　 #漂流相機 #椿原世梨奈 🍎不一樣的蘋果日報，加入我們的IG吧 👉 https://goo.gl/HxyZnq:=:https://www.instagram.com/appledailytw/,https://tw.news.appledaily.com/life/realtime/20180427/1342584/,,【漂流相機】台日相機緣！椿原世梨奈來台　見岳明學生感動落淚,宜蘭縣蘇澳鎮岳明國小的學生，日前在淨灘活動時意外拾…,,,1394.0
蘋果日報 台灣,3770980,2018-04-27 15:23:45 SGT,Live Video Complete,478,796,39,35,23,12,1,5,0,original,36624,48049,0,https://www.facebook.com/appledaily.tw/posts/10157038020917069,兩韓領導人高峰會最新畫面Part4！ 　 【不斷更新】李雪主確定參加晚宴　文金將共同發表宣言 https://tw.news.appledaily.com/international/realtime/20180427/1342467/ 　 【峰會直擊】目睹歷史性握手　現場記者一陣歡呼 https://tw.news.appledaily.com/international/realtime/20180427/1342509/ 　 #國際新聞 #蘋果國際 #KoreaSummit #남북정상회담 #김정은 #southkorea #northkorea #문재인 #MoonJaein #KimJongun #한국 #조선 #文在寅 #金正恩 #兩韓峰會,https://www.facebook.com/appledaily.tw/videos/10157038020917069/,,兩韓領導人高峰會最新畫面Part4,,,,1389.0
蘋果日報 台灣,3770980,2018-04-27 14:27:42 SGT,Link,1246,21,7,18,67,8,1,0,0,,0,0,0,https://www.facebook.com/appledaily.tw/posts/10157037979552069,很清爽呢～～沒有長髮一樣美 ❤ (#天編 　 小嫻 （黃瑜嫻） #蘋果娛樂 【#火線話題】轟動全球怪奇傳說 http://bit.ly/2K7C6id:=:https://tw.news.appledaily.com/column/index/678/,https://tw.entertainment.appledaily.com/realtime/20180427/1342632/,,【影片】失婚小嫻剃平頭！從軍撩落去,小嫻和何守正婚變後重返戲劇圈，在TVBS全新國語8點檔《女兵日記》裡演失婚婦女...　,,,1368.0
蘋果日報 台灣,3770878,2018-04-27 05:15:00 SGT,Link,825,53,48,52,5,2,234,0,0,,0,0,0,https://www.facebook.com/appledaily.tw/posts/10157036073577069,「爸爸本來很帥、很壯，但是現在看起來很弱，跟我比腕力都輸，整個人跟以前都不一樣了。」 阿偉爸爸加油！孩子都在等你康復！ 　 基金會編號：A4416 蘋果慈善基金會求助‧捐款專線：0809-008585 (每日上午10時至晚上7時) 　 【#火線話題】#暖蘋果 新聞 讓世界更有力量❤ https://goo.gl/WH371c:=:https://tw.news.appledaily.com/column/index/115/ 　 #暖新聞 #正能量 #有洋蔥 蘋果愛逗陣行,https://tw.news.appledaily.com/life/realtime/20180426/1340204/,,【暖流】父中風癱 小四兄妹以醫院為家 與母輪睡地板不覺苦,「爸爸本來很帥、很壯，但是現在看起來很弱，跟我比腕力都輸，整個人跟以前都不一樣了。」讀小四....................,,,1219.0
蘋果日報 台灣,3770878,2018-04-27 05:00:02 SGT,Link,1082,32,2,0,28,54,1,3,0,,0,0,0,https://www.facebook.com/appledaily.tw/posts/10157036144572069,省小錢卻反倒花大錢啊！ 　 #蘋果生活 🍎加入《蘋果》LINE，隨時掌握天下事 👉 https://goo.gl/pQ9xTe:=:https://line.me/R/ti/p/%40appledailytw,https://tw.news.appledaily.com/life/realtime/20180426/1342307/,,加油跳停「繼續加」　他為省0.5元慘噴8千,繼本周油價大漲0.5元後，下周油價預估恐連三漲，許多民眾耐心等待排隊，就是為了再漲價前再加點油............,,,1202.0
蘋果日報 台灣,3770980,2018-04-27 09:11:51 SGT,Link,599,147,11,3,8,26,4,368,0,,0,0,0,https://www.facebook.com/appledaily.tw/posts/10157037396897069,要抗爭可以，可是妨礙看診真的很不好啊！ 　 【毆警潑尿 反軍改9人送辦】 https://tw.news.appledaily.com/headline/daily/20180427/37997114/ 　 #反軍改 #年金改革 #年改 #蘋果要聞,https://tw.news.appledaily.com/headline/daily/20180427/37997124/,,反軍改佔兒醫擾病童 名醫暴怒,反軍改團體前天號召萬人上街抗爭，但不少人行為脫序，連活動現場附近的台大兒童醫院也被「佔領」，有台大名醫在臉書貼文描述看診受干擾、醫院大廳還有...,,,1166.0
蘋果日報 台灣,3770980,2018-04-27 22:10:00 SGT,Link,675,33,225,2,164,10,6,43,0,,0,0,0,https://www.facebook.com/appledaily.tw/posts/10157038702137069,廣大的安卓用戶特別注意啦！ 　 #蘋果3C Android 🍎不一樣的蘋果日報，加入我們的IG吧 👉 https://goo.gl/HxyZnq:=:https://www.instagram.com/appledailytw/,https://tw.lifestyle.appledaily.com/gadget/realtime/20180427/1342339/,,【駭客片】安卓用戶注意！木馬將看光你銀行帳密,根據趨勢科技的偵測發現，近期Android的惡意程式「ANDROIDOS_XLOADER.HRX」，會透過..............,,,1158.0
蘋果日報 台灣,3770980,2018-04-27 23:20:00 SGT,Link,905,20,7,4,20,42,0,130,0,,0,0,0,https://www.facebook.com/appledaily.tw/posts/10157038820927069,死屁孩，闖禍了還想逃逸阿！ 　 #蘋果社會 #三重 🍎不一樣的蘋果日報，加入我們的IG吧 👉 https://goo.gl/HxyZnq:=:https://www.instagram.com/appledailytw/,https://tw.news.appledaily.com/local/realtime/20180427/1342880/,,【有片】三重屁孩玩過頭　菸頭觸燃去漬油起火,玩過頭引祝融！新北市三重區2名16歲少年及1名張姓男子，日前拿著去漬油要將機車上的沾黏物清除。未料.........,,,1128.0
蘋果日報 台灣,3770980,2018-04-27 11:44:24 SGT,Link,613,64,19,5,16,271,2,114,0,,0,0,0,https://www.facebook.com/appledaily.tw/posts/10157037701972069,P圖又被抓包啦，看來這位支持者的修圖技巧還要再練練（誤 　 【火線話題】年改抗爭再起 https://goo.gl/J9EstF:=:https://tw.news.appledaily.com/column/index/438/ 　 #反年改 #反軍改 #八百壯士,https://tw.news.appledaily.com/local/realtime/20180427/1342581/,,女警花變八百壯士粉絲甜喊「學長好棒」！他戳破謊言,惡意竄改圖片還當成訊息發布誤導眾人，真相曝光後，失去的將會是信任和尊重。 粉絲團《不禮貌鄉民團》，深夜PO出照片寫道「今晚發現藍營...,,,1104.0
蘋果日報 台灣,3770980,2018-04-27 19:30:01 SGT,Native Video,849,60,14,25,3,93,2,7,0,share,182478,215398,0,https://www.facebook.com/appledaily.tw/posts/10157038227027069,會不會上訴呢，讓我們繼續看下去～～ 　　 看更多 #影片，快加入 蘋果動未條 粉絲團,https://www.facebook.com/appledaily.animation/videos/853541771511679/,,蘋果動未條,"一審全部獲判無罪，現在逆轉啦！
　
【#魏應充 慘了！無罪改判15年　#頂新 罰2.5億】
https://tw.appledaily.com/new/realtime/20180427/1340479/
　　
【動新聞】
https://tw.video.appledaily.com/local/20180427/1340479/
  　　　
更多 #影片，請加入 蘋果動未條",,,1053.0
蘋果日報 台灣,3770878,2018-04-27 07:04:54 SGT,Link,774,6,18,1,23,1,216,0,0,,0,0,0,https://www.facebook.com/appledaily.tw/posts/10157037171532069,他的父母周四發聲明指出，「他一直掙扎於找尋意義、人生和幸福，但他再也撐不下去」... #瑞典 #電音鬼才 #艾維奇 #Avicii #父母 #聲明 《蘋果》關心你 自殺解決不了問題，卻留給家人無比悲痛。請珍惜生命。 再給自己一次機會 自殺防治諮詢安心專線：0800-788995（24小時） 生命線協談專線：1995 張老師專線：1980,https://tw.entertainment.appledaily.com/realtime/20180427/1342466/,,瑞典電音鬼才艾維奇猝逝　雙親發聲明「他撐不下去」,,,,1039.0
蘋果日報 台灣,3770980,2018-04-27 23:10:00 SGT,Link,659,133,8,9,8,168,1,41,0,,0,0,0,https://www.facebook.com/appledaily.tw/posts/10157038817407069,這跟選舉或你的選區都無關吧.... 　 #蘋果政治 台灣阿童─童仲彥 #童仲彥,https://tw.news.appledaily.com/life/realtime/20180427/1342617/,,童仲彥昨赴私娼寮開直播　驗愛滋「很平安」,日前檢警掃蕩新竹縣湖口榮光路私娼寮查獲人口販運，還有現役軍人休假跑到私娼寮拍照遭圍毆追砍。台北市議員............,,,1027.0
蘋果日報 台灣,3770878,2018-04-27 00:10:00 SGT,Link,791,18,6,4,110,6,72,2,0,,0,0,0,https://www.facebook.com/appledaily.tw/posts/10157036127062069,唉...意外往往發生在一瞬間！ 　 #蘋果國際,https://tw.news.appledaily.com/international/realtime/20180426/1342377/,,男子墜機幸運生還　反遭救援機螺旋槳砍死,哥倫比亞西北部城市考卡西亞一處郊區，當地時間上周日（15日），一架直升機墜毀在山區，機上人員幸運生還..............,,,1009.0
蘋果日報 台灣,3770980,2018-04-27 18:10:00 SGT,Native Video,904,21,16,15,33,5,0,0,0,share,138438,162854,0,https://www.facebook.com/appledaily.tw/posts/10157038228477069,短短幾步路，走了11年才走到 #鄉編 　　 看更多 #影片，快加入 蘋果動未條 粉絲團,https://www.facebook.com/appledaily.animation/videos/853460734853116/,,蘋果動未條,"#兩韓峰會 來回顧見證一下這歷史性的一握🤝
　
【不斷更新】金正恩：花了11年徒步200公尺跨越南方
https://tw.news.appledaily.com/international/realtime/20180427/1342467/
　
【動新聞】
https://tw.video.appledaily.com/international/20180427/1342467/
　　
更多 #影片，請加入 蘋果動未條
　
#國際新聞 #蘋果國際 #KoreaSummit #남북정상회담 #김정은 #southkorea #northkorea #문재인 #MoonJaein #KimJongun #한국 #조선 #文在寅 #金正恩",,,994.0
蘋果日報 台灣,3770980,2018-04-27 23:00:01 SGT,Link,790,43,80,17,15,3,0,0,0,,0,0,0,https://www.facebook.com/appledaily.tw/posts/10157038661657069,去訂機票啦！ 　 #蘋果生活 🍎加入《蘋果》LINE，隨時掌握天下事 👉 https://goo.gl/pQ9xTe:=:https://line.me/R/ti/p/%40appledailytw,https://tw.news.appledaily.com/life/realtime/20180427/1342492/,,日本鬆綁退稅限制　7月上路！家電藥品合計免稅,目前現行日本法規，國外遊客在當地購物分為「消耗品」或「一般物品」，消費額各自達5000日..........,,,948.0
蘋果日報 台灣,3770980,2018-04-27 20:10:13 SGT,Link,411,192,27,3,18,83,6,204,0,,0,0,0,https://www.facebook.com/appledaily.tw/posts/10157038504237069,到底哪時候才會有校長呢？ 　　 #蘋果生活 #管中閔 🍎不一樣的蘋果日報，加入我們的IG吧 👉 https://goo.gl/HxyZnq:=:https://www.instagram.com/appledailytw/,https://tw.news.appledaily.com/life/realtime/20180427/1342856/,,教部駁回台大遴委會決定　重選估要再花1年 | 蘋果日報,(更新教育部說法)台大校長聘任案卡在教育部、歷時3個月審核，還讓教育部長換人，總算在今天有了結論。教育部終於在今天宣布確定駁回台灣大學講座教...,,,944.0
蘋果日報 台灣,3770980,2018-04-27 14:50:00 SGT,Native Video,692,64,30,31,5,98,1,9,0,original,50306,54736,0,https://www.facebook.com/appledaily.tw/posts/10157037959067069,原本無罪的頂新製油公司也被改判罰金2.5億，仍可上訴 　　 圖文報導【#不斷更新】魏應充無罪改判15年　判決理由出爐 https://tw.news.appledaily.com/local/realtime/20180427/1340479 　 相關新聞【頂新案】一張圖看清　魏應充6被告判刑結果 https://tw.news.appledaily.com/local/realtime/20180427/1342722 　 #魏應充 #頂新 #黑心油 #毒油 #滅頂,https://www.facebook.com/appledaily.tw/videos/10157037957902069/,,魏應充無罪改判15年　判決理由出爐,,,,930.0
蘋果日報 台灣,3770980,2018-04-27 15:30:00 SGT,Native Video,494,156,70,4,23,145,8,14,0,original,88065,91844,0,https://www.facebook.com/appledaily.tw/posts/10157037824512069,《蘋果》再向錄音檔提供者確認，100％沒有剪輯變造 　　 圖文報導【一刀未剪版】打臉國防部　共機嗆「你真牛逼，還中華民國呢！」無誤 https://tw.news.appledaily.com/politics/realtime/20180426/1342058 　　 【完整 #動新聞】 https://tw.video.appledaily.com/politics/20180426/1342058/ 　 #中共 #共軍 #中國,https://www.facebook.com/appledaily.tw/videos/10157037822592069/,,【一刀未剪版】打臉國防部　共機嗆「你真牛逼，還中華民國呢！」無誤,,,,914.0
蘋果日報 台灣,3770878,2018-04-27 05:50:00 SGT,Link,636,44,11,4,136,22,35,15,0,,0,0,0,https://www.facebook.com/appledaily.tw/posts/10157036163152069,再怎樣都不能拿眼睛開玩笑阿！ 　 #蘋果國際,https://tw.news.appledaily.com/international/realtime/20180426/1342313/,,女當飛鏢靶讓男友射頭頂　結果失手射到眼球,美國紐約一名女子，坐在飛鏢靶下方讓男友射飛鏢，沒想到男友射偏射到她的眼睛。據《太陽報》報導.........,,,903.0
蘋果日報 台灣,3770980,2018-04-27 19:10:00 SGT,Link,664,29,17,3,38,9,5,134,0,,0,0,0,https://www.facebook.com/appledaily.tw/posts/10157038355172069,不要怕！錯的是他不是妳！！！ 　 #蘋果社會,https://tw.news.appledaily.com/local/realtime/20180427/1342698/,,新婚婦遭神棍騙色　怕網友嘲笑忍數月才報警,苗栗縣30多歲新婚婦人「小惠（化名）」準備考試不順，丈夫健康也出問題，日前向在桃園市開神壇的石................,,,899.0
蘋果日報 台灣,3770980,2018-04-27 11:30:00 SGT,Native Video,635,37,15,35,3,0,152,3,0,original,57546,57783,0,https://www.facebook.com/appledaily.tw/posts/10157037559062069,"但他背後公司那個""重罰""...（搖頭） #鄉編 　　 圖文報導【2警慘死】「過勞不是他願意」　殉職警女兒原諒肇事司機 https://tw.news.appledaily.com/local/realtime/20180426/1342157 　 【完整 #動新聞】 https://tw.video.appledaily.com/local/20180426/1342157/ 　 #國道車禍 #警察殉職",https://www.facebook.com/appledaily.tw/videos/10157037557022069/,,【2警慘死】「過勞不是他願意」　殉職警女兒原諒肇事司機,,,,880.0
蘋果日報 台灣,3770980,2018-04-27 13:43:17 SGT,Link,755,23,22,4,48,19,1,1,0,,0,0,0,https://www.facebook.com/appledaily.tw/posts/10157037916117069,20個月 wow 　 #蘋果財經 #台達電 🍎加入《蘋果》LINE，精采好聞不錯過 👉 https://goo.gl/pQ9xTe:=:https://line.me/R/ti/p/%40appledailytw,https://tw.finance.appledaily.com/realtime/20180427/1342623/,,台達電分紅「狂電」IC廠　年薪20個月起跳,今天有台達電員工的友人在網路上發表「開獎文」，也就是分享拿到多少紅利、獎金...　,,,873.0
蘋果日報 台灣,3770980,2018-04-27 16:59:09 SGT,Live Video Complete,570,198,26,24,18,6,1,1,0,original,30348,30846,0,https://www.facebook.com/appledaily.tw/posts/10157038164027069,兩韓領導人高峰會part5 　 【不斷更新】兩韓領袖簽署文件　發表共同宣言　 https://tw.news.appledaily.com/international/realtime/20180427/1342467/ 　 【峰會直擊】目睹歷史性握手　現場記者一陣歡呼 https://tw.news.appledaily.com/international/realtime/20180427/1342509/ 　 【火線話題】兩韓高峰會 http://bit.ly/2vSVzjM:=:https://tw.appledaily.com/column/index/682/ 　 #國際新聞 #蘋果國際 #KoreaSummit #남북정상회담 #김정은 #southkorea #northkorea #문재인 #MoonJaein #KimJongun #文在寅 #金正恩 #兩韓峰會 #蘋果live #蘋果直播,https://www.facebook.com/appledaily.tw/videos/10157038164027069/,,,,,,844.0
蘋果日報 台灣,3770878,2018-04-27 08:08:54 SGT,Live Video Complete,333,337,67,25,15,8,2,0,0,original,20754,28818,0,https://www.facebook.com/appledaily.tw/posts/10157037273282069,兩韓領導人高峰會,https://www.facebook.com/appledaily.tw/videos/10157037273282069/,,,,,,787.0
蘋果日報 台灣,3770980,2018-04-27 15:50:00 SGT,Native Video,494,32,29,4,125,5,8,83,0,original,91883,92158,0,https://www.facebook.com/appledaily.tw/posts/10157037890737069,連拿個袋子裝都沒有，就這樣大搖大擺走在路上... #慎入 　　 圖文報導【慎入片】拎顆人頭逛大街　他淡定到警局自首：我殺了我老婆 https://tw.news.appledaily.com/international/realtime/20180426/1341717 　 【完整 #動新聞】 https://tw.video.appledaily.com/international/20180426/1341717/,https://www.facebook.com/appledaily.tw/videos/10157037887937069/,,【慎入片】拎顆人頭逛大街　他淡定到警局自首：我殺了我老婆,,,,780.0
蘋果日報 台灣,3770878,2018-04-27 02:00:01 SGT,Link,408,20,5,0,13,74,1,233,0,,0,0,0,https://www.facebook.com/appledaily.tw/posts/10157035855797069,一個「敵不動我不動」的概念嗎？🤔 　 #蘋果社會 #三寶 🍎蘋果日報IG強勢回歸 👉 https://goo.gl/HxyZnq:=:https://www.instagram.com/appledailytw/,https://tw.news.appledaily.com/life/realtime/20180426/1342222/,,夜間逆向沒開頭燈　三寶不動還要騎士禮讓,晚上這樣開車也太危險！一名網友日前騎著機車行駛在路上，前方一輛休旅車竟直接逆向行駛，甚至還沒開頭..............,,,754.0
蘋果日報 台灣,3770980,2018-04-27 09:30:01 SGT,Native Video,445,52,101,9,4,130,1,0,0,share,113707,174350,0,https://www.facebook.com/appledaily.tw/posts/10157036109977069,這女友一直講話，真的讓人需要「靜靜」！ 　 #蘋果影創 囂搞 Shaogao,https://www.facebook.com/AppleNews.iPlay/videos/438872759904117/,,影像創意中心,"大姨媽你聽過
那大姨爹呢🤣
-
點我看大姨爹來了怎麼辦
👉https://ppt.cc/fMEI5x:=:https://tw.appledaily.com/new/realtime/20180426/1342134
-
囂搞 Shaogao

#大姨爹 #靜靜 #男生 #兩性 #大姨媽男生版",,,742.0
蘋果日報 台灣,3770980,2018-04-27 13:12:12 SGT,Link,530,39,18,2,114,1,16,4,0,,0,0,0,https://www.facebook.com/appledaily.tw/posts/10157037855587069,這要趕快查清楚了 #蘋果最新 　 #民雄豆奶攤 🍎加入《蘋果》LINE，隨時掌握天下事 👉 https://goo.gl/pQ9xTe:=:https://line.me/R/ti/p/%40appledailytw,https://tw.appledaily.com/new/realtime/20180427/1342668,,【影片】嘉義豆奶攤食物中毒今勒令停業　暴斃碩士生解剖查死因,中正大學林姓研究生本月21日疑似吃了民雄豆奶攤後，出現腹痛狀況，24日被發現暴斃宿舍...　,,,724.0
蘋果日報 台灣,3770980,2018-04-27 20:42:06 SGT,Link,658,9,6,5,1,16,0,0,0,,0,0,0,https://www.facebook.com/appledaily.tw/posts/10157038572807069,今天的氣氛真的是不錯呢！ 　 【兩韓峰會】晚宴氣氛融洽　文金夫婦舉杯慶賀 https://tw.news.appledaily.com/international/realtime/20180427/1343055/ 　 【火線話題】兩韓高峰會 http://bit.ly/2vSVzjM:=:https://tw.appledaily.com/column/index/682/ #蘋果國際,https://tw.news.appledaily.com/international/realtime/20180427/1342467/,,​【不斷更新】兩韓峰會結束　金正恩揮手道別,台灣時間今早8時30分，南韓的土地上將首次迎來北韓的領導人，全球都等著看金正恩跨越兩韓邊界.............,,,695.0
蘋果日報 台灣,3770980,2018-04-27 10:15:01 SGT,Link,591,23,9,1,13,44,0,1,0,,0,0,0,https://www.facebook.com/appledaily.tw/posts/10157037531602069,漏開發票有事，發票開太多居然也會被國稅局「懲罰」！ 　,https://tw.news.appledaily.com/life/realtime/20180427/1341360/,,【有片】幫客人衝中奬機率　暖心老闆竟無發票可用,有些知名小吃店因漏開發票而被國稅局停業，但竟有業者因開太多發票而遭國稅局「懲罰」。雲林西螺一家紙箱批發商為了提高顧客的發票中獎率，賣一個紙箱...,,,682.0
蘋果日報 台灣,3770980,2018-04-27 09:47:24 SGT,Link,597,26,10,3,11,34,0,1,0,,0,0,0,https://www.facebook.com/appledaily.tw/posts/10157037487872069,「兩人先站在兩韓分界線南側讓媒體拍照，後來金正恩看似一時興起，又把文在寅拉回分界線的北韓這邊，再度握手讓媒體拍照......」沒想到恩恩會有這種脫稿演出🤣 　 【歷史之握肩並肩　文在寅金正恩誰比較高？】 https://tw.news.appledaily.com/international/realtime/20180427/1342524/ 　 【不斷更新】金正恩：花了11年徒步200公尺跨越南方 https://tw.news.appledaily.com/international/realtime/20180427/1342467/ 　 #國際新聞 #蘋果國際 #KoreaSummit #남북정상회담 #김정은 #southkorea #northkorea #문재인 #MoonJaein #KimJongun #한국 #조선 #文在寅 #金正恩 #兩韓峰會,https://tw.news.appledaily.com/international/realtime/20180427/1342529/,,歷史性握手　金正恩把文在寅拉回去拍照,北韓領袖金正恩今早跨越兩韓的軍事分界線，與南韓總統文在寅握手，歷史性的畫面透過新聞傳遍全球。在記者環繞與鏡頭前，金正恩與文在寅兩人互說的第一...,,,682.0
蘋果日報 台灣,3770980,2018-04-27 21:30:01 SGT,Native Video,487,10,11,5,10,3,65,79,0,share,216132,263463,0,https://www.facebook.com/appledaily.tw/posts/10157038232757069,為了替女兒討回公道，她不惜代價花了上千萬新台幣，就是希望能讓兇手早日定罪 　　 看更多 #影片，快加入 蘋果動未條 粉絲團,https://www.facebook.com/appledaily.animation/videos/853028164896373/,,蘋果動未條,"希望媽媽能早日走出失去女兒的傷痛... #旁編 
　
圖文報導→【心碎動畫】正妹被同學姦殺　母親走上孤獨復仇之路
https://tw.news.appledaily.com/international/realtime/20180425/1341215
　
【完整 #動新聞】
https://tw.video.appledaily.com/international/20180425/1341215/
　
看更多 #影片，請加入 蘋果動未條 
#蘋果國際 #中國新聞",,,670.0
蘋果日報 台灣,3770980,2018-04-27 22:50:00 SGT,Native Video,441,27,179,10,7,1,0,0,0,share,96619,146335,0,https://www.facebook.com/appledaily.tw/posts/10157038316147069,發揮創意，古早味也能變年輕 　 #影創中心 影像創意中心 17Video,https://www.facebook.com/AppleNews.iPlay/videos/439252096532850/,,影像創意中心,"起司控舉手🙋‍♀

來學經典台式菜脯蛋的升級版
https://ppt.cc/fye45x:=:https://tw.appledaily.com/new/realtime/20180427/1342708

17Video

#起司控 #家鄉味
#台式經典 #再升級
#給我碗白飯 #鮪魚起司菜脯蛋",,,665.0
蘋果日報 台灣,3770878,2018-04-27 06:10:00 SGT,Native Video,337,14,303,4,2,4,0,0,0,share,108236,164114,0,https://www.facebook.com/appledaily.tw/posts/10157035909662069,別再找藉口啦！ 　 #蘋果影創 17Video,https://www.facebook.com/AppleNews.iPlay/videos/438856149905778/,,影像創意中心,"防止肥肉　杜絕藉口
跟著一起沙發運動

追劇也能消耗卡路里😍
https://ppt.cc/fyhWvx:=:https://tw.appledaily.com/new/realtime/20180426/1342133

17Video

#泠姐 #發懶也能瘦
#邊看邊做  #五招雕塑完美體",,,664.0
蘋果日報 台灣,3770878,2018-04-27 04:30:00 SGT,Link,297,21,8,3,8,0,21,295,0,,0,0,0,https://www.facebook.com/appledaily.tw/posts/10157035978427069,好險狗狗的狀況有好轉了！ 　 🍎想對FB變心？我們也有IG喔(≖‿ゝ≖)✧ 👉 https://goo.gl/HxyZnq:=:https://www.instagram.com/appledailytw/,https://tw.lifestyle.appledaily.com/animal/realtime/20180426/1342156/,,遭控13尺長棍爆打虐狗　澎監員工駁只威嚇,澎湖監獄歐姓員工遭鄰居指控持13尺長木棍，毆打一隻車禍受傷的黑狗，害黑狗病況加重，驚動澎縣府動保人員.................,,,653.0
蘋果日報 台灣,3770980,2018-04-27 17:40:00 SGT,Link,586,17,1,2,15,29,1,0,0,,0,0,0,https://www.facebook.com/appledaily.tw/posts/10157038189702069,炫耀文無誤 (´_ゝ`) #7pupu編 　 #爆廢公社 🍎想對FB變心？我們也有IG喔(≖‿ゝ≖)✧ 👉https://goo.gl/HxyZnq:=:https://www.instagram.com/appledailytw/,https://tw.news.appledaily.com/life/realtime/20180427/1342849/,,他抱怨午餐這樣要五十！網友跪求店名：你不去我去,這樣的菜色，ＰＯ文者看似沒有很滿意，但網友們卻一片羨慕，只想問原PO，這樣的佛心店家到底在哪？有網友在《爆廢公社》PO出一張照片，寫道「剛剛...,,,651.0
蘋果日報 台灣,3770980,2018-04-27 18:00:01 SGT,Link,566,6,1,4,25,40,2,0,0,,0,0,0,https://www.facebook.com/appledaily.tw/posts/10157038260617069,挖~~高國華要搬家了 #7pupu編 　 #高國華 #蔡郁璇 高國華 蔡郁璇 🍎蘋果日報IG強勢回歸 👉 https://goo.gl/HxyZnq:=:https://www.instagram.com/appledailytw/,https://tw.finance.appledaily.com/realtime/20180427/1342914/,,高國華祖厝7600萬拍出　蔡郁璇等領贍養費,補教名師高國華與前妻蔡郁璇離婚後，蔡不滿高未依協議給贍養費，向法院查封聲請法拍高家台北祖厝，連續流標後，台北地院今法拍第四拍高國華名下位於金...,,,644.0
蘋果日報 台灣,3770980,2018-04-27 14:10:22 SGT,Link,566,8,9,7,2,38,0,0,0,,0,0,0,https://www.facebook.com/appledaily.tw/posts/10157037817047069,底迪有去sedo髮型喔，頭髮捲度看起來很完美呢( ͡° ͜ʖ ͡°) 　 【兩韓峰會】「御妹」搶鏡　金與正跟著走紅毯 https://tw.news.appledaily.com/international/realtime/20180427/1342592/ 　 【兩韓峰會】保鏢簇擁金正恩　「連螞蟻都難鑽縫」 https://tw.news.appledaily.com/international/realtime/20180427/1342619/ 　 【火線話題】兩韓高峰會 http://bit.ly/2vSVzjM:=:https://tw.appledaily.com/column/index/682/ 　 #國際新聞 #蘋果國際 #KoreaSummit #남북정상회담 #김정은 #southkorea #northkorea #문재인 #MoonJaein #KimJongun #文在寅 #金正恩 #兩韓峰會,https://tw.news.appledaily.com/international/realtime/20180427/1342578/,,「文金會」另類爆紅主角：捲髮花童.北韓記者的屁股,今天的「文金會」出現許多有趣畫面，包括一名屁股對著直播鏡頭的北韓記者，及送花給金正恩的「捲捲頭」男孩，還有金正恩胞妹金與正「亂入」，都讓南韓...,,,630.0
蘋果日報 台灣,3770980,2018-04-27 12:50:00 SGT,Native Video,240,168,24,6,4,35,4,148,0,original,38618,38977,0,https://www.facebook.com/appledaily.tw/posts/10157037624907069,暴力真的很不好 #鄉編 　　 【圖文報導】反年改抗議變調濺血　《蘋果》全紀錄 https://tw.news.appledaily.com/local/realtime/20180427/1342409 　 相關新聞【兩難動畫】八百壯士抗爭暴衝　藍營內部歷經漫長的一夜 https://tw.news.appledaily.com/politics/realtime/20180427/1342167 　 【#火線話題】年金改革爭議 https://goo.gl/diyVsI:=:https://tw.news.appledaily.com/column/index/438/　 #年金改革 #年改 #反年改 #八百壯士 #吳斯懷,https://www.facebook.com/appledaily.tw/videos/10157037622807069/,,反年改抗議變調濺血　《蘋果》全紀錄,,,,629.0
蘋果日報 台灣,3770878,2018-04-27 05:30:00 SGT,Native Video,388,18,85,1,6,102,3,1,0,share,125163,183038,0,https://www.facebook.com/appledaily.tw/posts/10157035904672069,淡淡的哀傷阿！ 　 #蘋果影創 微辣 Manner,https://www.facebook.com/AppleNews.iPlay/videos/438848589906534/,,影像創意中心,"小心甩尾啊─🏎🏎🏎

-
點我看頭文字D後續
👉https://ppt.cc/f1GOux:=:https://tw.appledaily.com/new/realtime/20180426/1342053
-
微辣 Manner

#拓海 #阿木 #熱血 #回憶
#賣豆腐 #人生好難",,,604.0
蘋果日報 台灣,3770980,2018-04-27 16:30:00 SGT,Native Video,525,0,27,18,0,5,1,0,0,share,102289,135391,0,https://www.facebook.com/appledaily.tw/posts/10157037653252069,本來因為輸了比賽躲在媽媽懷裡哭，聽到妹妹上場又精神滿滿的幫妹妹加油，咘咘真是世紀好姊姊～（抱抱）,https://www.facebook.com/AppleEnews/videos/1848753725188265/,,娛樂蘋果派,"咘咘在拉單槓環節失敗了很難過
賈靜雯耐心勸說
孩子有好勝心並不是壞事
父母可從旁適當引導 😊😊

🌶影片來源：媽媽是超人3／芒果TV
愛奇藝台灣站 賈靜雯AlyssaChia 咘咘Bo妞",,,576.0
蘋果日報 台灣,3770980,2018-04-27 17:19:07 SGT,Live Video Complete,380,94,36,24,8,23,0,1,0,original,38313,51163,0,https://www.facebook.com/appledaily.tw/posts/10157038230567069,兩韓領導人高峰會part6 　 【暗示不再射飛彈？　金正恩跟文在寅說：不會早上吵醒你了】 https://tw.news.appledaily.com/international/realtime/20180427/1342757/ 　 【不斷更新】文金再度握手　種下和平之樹 https://tw.news.appledaily.com/international/realtime/20180427/1342467/ 　 【火線話題】兩韓高峰會 http://bit.ly/2vSVzjM:=:https://tw.appledaily.com/column/index/682/ 　 #國際新聞 #蘋果國際 #KoreaSummit #남북정상회담 #김정은 #southkorea #northkorea #문재인 #MoonJaein #KimJongun #文在寅 #金正恩 #兩韓峰會 #蘋果live #蘋果直播,https://www.facebook.com/appledaily.tw/videos/10157038230567069/,,,,,,566.0
蘋果日報 台灣,3770878,2018-04-27 06:20:00 SGT,Link,288,127,19,2,11,111,0,2,0,,0,0,0,https://www.facebook.com/appledaily.tw/posts/10157036366662069,前世今生故事一段時間沒有出現了呢！ 　 #蘋果娛樂 #李敖 🍎加入《蘋果》LINE，熱門新聞報你知 👉 https://goo.gl/pQ9xTe:=:https://line.me/R/ti/p/%40appledailytw,https://tw.entertainment.appledaily.com/realtime/20180427/1342185/,,【信不信由你】李敖迷蟠桃仙女觸天條　判官李文李戡同貶人間,作家李敖上月18日因腦瘤病逝後，他與前女友王尚勤所生女兒李文想爭產，李文同父異母弟李戡公開李敖遺.............,,,560.0
蘋果日報 台灣,3770980,2018-04-27 15:10:39 SGT,Link,531,8,1,8,8,0,0,0,0,,0,0,0,https://www.facebook.com/appledaily.tw/posts/10157038039522069,恭喜唷 👏👏👏 #蘋果獨家 　 #陳施羽 #蘋果娛樂 🍎追星追美食，加入蘋果日報IG 👉 https://goo.gl/HxyZnq:=:https://www.instagram.com/appledailytw/,https://tw.entertainment.appledaily.com/realtime/20180427/1342741/,,【獨家】陳施羽婚紗喜帖曝光　6月歐洲度蜜月,洪榮宏前妻陳施羽梅開二度讀秒，喜帖及未婚夫名字曝光，她下月21日在翡麗詩莊園舉辦婚宴...　,,,556.0
蘋果日報 台灣,3770878,2018-04-27 04:50:00 SGT,Native Video,439,40,43,18,7,6,0,2,0,share,114698,163449,0,https://www.facebook.com/appledaily.tw/posts/10157035871972069,健身不只讓身材更精壯，他們也獲得更多可貴的感動！ 　 #蘋果影創 一件襯衫：你揮灑的城市日常風景,https://www.facebook.com/AppleNews.iPlay/videos/438845659906827/,,影像創意中心,"整個公園都是我的健身房

更多肌肉點這裡(羞😎
https://ppt.cc/fhcZwx:=:https://tw.lifestyle.appledaily.com/lifestyle/realtime/20180426/1342055

一件襯衫：你揮灑的城市日常風景

#裸男 #街頭健身 #男人的友誼
#公園 #鮮肉 #dresscode
#專心的男人最帥",,,555.0
蘋果日報 台灣,3770980,2018-04-27 10:20:00 SGT,Native Video,426,32,23,8,32,9,0,0,0,original,22239,23866,0,https://www.facebook.com/appledaily.tw/posts/10157037495397069,"這個 #世紀之握 可以列入""有生之年系列""了！ #鄉編 　　 圖文報導【#不斷更新】金正恩：花了11年徒步200公尺跨越南方 https://tw.news.appledaily.com/international/realtime/20180427/1342467/ 　 【#蘋果LIVE】兩韓領導人高峰會part2 https://www.facebook.com/appledaily.tw/videos/10157037409567069/ 　 這個 KoreaSummit #남북정상회담 #김정은 #southkorea #northkorea #문재인 #MoonJaein #KimJongun #한국 #조선 #文在寅 #金正恩 #兩韓峰會#鄉編",https://www.facebook.com/appledaily.tw/videos/10157037491217069/,,金正恩：花了11年徒步200公尺跨越南方,,,,530.0
蘋果日報 台灣,3770980,2018-04-27 13:23:23 SGT,Link,383,38,9,6,4,59,0,30,0,,0,0,0,https://www.facebook.com/appledaily.tw/posts/10157037875852069,「事先提供品質較好的樣品送往檢驗」嘖嘖 #蘋果最新 　 #頂新案 #魏應充 🍎加入《蘋果》LINE，隨時掌握天下事 👉 https://goo.gl/pQ9xTe:=:https://line.me/R/ti/p/%40appledailytw,https://tw.news.appledaily.com/local/realtime/20180427/1342702/,,【頂新案】魏應充逆轉判有罪　理由是這個,曾引起全台食安風暴的頂新劣油案，頂新前董座魏應充等4名被告今由無罪被改判重判魏應充15年徒刑...　,,,529.0
蘋果日報 台灣,3770980,2018-04-27 09:18:06 SGT,Live Video Complete,258,209,34,12,10,4,1,0,0,original,18143,26132,0,https://www.facebook.com/appledaily.tw/posts/10157037409567069,兩韓領導人高峰會現場畫面《蘋果日報》直播中！#41J 和翻譯Tony也會進行同步口譯喔！ 　 【不斷更新】兩韓領導人高峰會 https://tw.news.appledaily.com/international/realtime/20180427/1342467/ 　 #國際新聞 #蘋果國際 #KoreaSummit #남북정상회담 #김정은 #southkorea #northkorea #문재인 #MoonJaein #KimJongun #한국 #조선 #文在寅 #金正恩 #兩韓峰會,https://www.facebook.com/appledaily.tw/videos/10157037409567069/,,兩韓領導人高峰會part2,,,,528.0
蘋果日報 台灣,3770980,2018-04-27 10:41:53 SGT,Live Video Complete,310,119,46,15,23,11,0,3,0,original,17766,29288,0,https://www.facebook.com/appledaily.tw/posts/10157037464717069,兩韓領導人高峰會最新畫面！《蘋果》直播 #41J 和翻譯Tony也會進行同步口譯喔！ 　 【不斷更新】金正恩：花了11年徒步200公尺跨越南方 https://tw.news.appledaily.com/international/realtime/20180427/1342467/ 　 #國際新聞 #蘋果國際 #KoreaSummit #남북정상회담 #김정은 #southkorea #northkorea #문재인 #MoonJaein #KimJongun #한국 #조선 #文在寅 #金正恩 #兩韓峰會,https://www.facebook.com/appledaily.tw/videos/10157037464717069/,,兩韓領導人高峰會part3,,,,527.0
蘋果日報 台灣,3770878,2018-04-27 01:00:02 SGT,Link,498,4,3,2,4,13,0,0,0,,0,0,0,https://www.facebook.com/appledaily.tw/posts/10157036410567069,李毓芬真的越來越漂亮啊！ 　 #蘋果娛樂 李毓芬(Tia)官方後援會 🍎加入《蘋果》LINE，熱門新聞報你知 👉 https://goo.gl/pQ9xTe:=:https://line.me/R/ti/p/%40appledailytw,https://tw.entertainment.appledaily.com/realtime/20180427/1342251/,,李毓芬跟柯震東復合無望　侵入性整形「目前沒想法」,李毓芬去年12月和柯震東3年情變，她昨為近期推出新單曲《早應該》宣傳，還帶了外傳是柯震東送給她的..........,,,524.0
蘋果日報 台灣,3770980,2018-04-27 08:32:29 SGT,Photo,459,8,6,5,32,5,0,1,0,,0,0,0,https://www.facebook.com/appledaily.tw/posts/10157037325122069,世紀之握！#蘋果最新 　 【不斷更新】金正恩抵板門店 和文在寅歷史之握 https://tw.news.appledaily.com/international/realtime/20180427/1342467/ 　 #金正恩 #文在寅 #國際新聞 #蘋果國際 #KoreaSummit #남북정상회담 #兩韓峰會,https://www.facebook.com/appledaily.tw/photos/a.364361237068.207658.232633627068/10157037324017069/?type=3,,,,,,516.0
蘋果日報 台灣,3770980,2018-04-27 13:50:00 SGT,Native Video,428,11,5,6,1,13,0,2,0,original,107172,107177,0,https://www.facebook.com/appledaily.tw/posts/10157037753877069,芬芬記得喝酒不開車喔（眨眼） #鄉編 　　 【圖文報導】李毓芬跟柯震東復合無望　侵入性整形「目前沒想法」 https://tw.entertainment.appledaily.com/realtime/20180427/1342251 　 【完整 #動新聞】 https://tw.video.appledaily.com/entertainment/20180427/1342251/ 　 #李毓芬 #柯震東 柯震東 Kai Ko 李毓芬(Tia)官方後援會,https://www.facebook.com/appledaily.tw/videos/10157037751067069/,,李毓芬跟柯震東復合無望　侵入性整形「目前沒想法」,,,,466.0
蘋果日報 台灣,3770980,2018-04-27 18:50:00 SGT,Native Video,321,9,47,8,7,34,0,0,0,share,190398,276711,0,https://www.facebook.com/appledaily.tw/posts/10157037996982069,萬一酒後亂性你後悔就來不及囉～～ 　 #影創中心 影像創意中心 CHOCO TV - 追劇瘋,https://www.facebook.com/AppleNews.iPlay/videos/439224516535608/,,影像創意中心,"這樣真的母湯😱
-
點我看到底多誇張
👉https://ppt.cc/fBz3Ix:=:https://tw.entertainment.appledaily.com/realtime/20180427/1342314
-
CHOCO TV - 追劇瘋

#新婚 #問題多 #男女差很大 #友情界線 #這樣有點渣",,,426.0
蘋果日報 台灣,3770980,2018-04-27 21:00:12 SGT,Link,301,16,3,4,46,3,28,22,0,,0,0,0,https://www.facebook.com/appledaily.tw/posts/10157038598437069,怎麼這麼可怕！ 　 #蘋果國際 #中國,https://tw.news.appledaily.com/international/realtime/20180427/1343070/,,中國陝西發生持刀攻擊學生案　 7死12傷,中國陝西省米脂縣今天發生襲擊學生事件，造成19名學生受傷，其中7人死亡。事發在下午6時10分許，米脂縣第.............,,,423.0
蘋果日報 台灣,3770980,2018-04-27 13:30:00 SGT,Native Video,363,26,8,3,10,9,0,1,0,original,69818,69838,0,https://www.facebook.com/appledaily.tw/posts/10157037598197069,再少2個0還是買不起（看存摺） #鄉編 　　 【圖文報導】昆凌再曝周董6.6億豪宅　裡面有大草坪 https://tw.entertainment.appledaily.com/realtime/20180426/1342075 　 【完整 #動新聞】 https://tw.video.appledaily.com/entertainment/20180426/1342075/ 　 #昆凌 #周杰倫 昆凌Hannah,https://www.facebook.com/appledaily.tw/videos/10157037596257069/,,昆凌再曝周董6.6億豪宅　裡面有大草坪,,,,420.0
蘋果日報 台灣,3770980,2018-04-27 14:30:00 SGT,Native Video,322,18,11,4,21,20,0,2,0,original,102108,102255,0,https://www.facebook.com/appledaily.tw/posts/10157037790152069,你不該大喊倒楣而是該覺得慶幸，趁這機會下定決心戒掉吧 #鄉編 　　 圖文報導【#咩姊台語】染毒美女大崩壞　毒友傳「一砲換一泡」 https://tw.news.appledaily.com/headline/daily/20180427/37997291/ 　 【完整 #動新聞】 https://tw.video.appledaily.com/local/20180426/1342003/ 　 #拒絕毒品 #吸毒害一生,https://www.facebook.com/appledaily.tw/videos/10157037788032069/,,【咩姊台語】染毒美女大崩壞　毒友傳「一砲換一泡」,,,,398.0
蘋果日報 台灣,3770980,2018-04-27 14:39:05 SGT,Link,365,11,3,2,6,10,0,0,0,,0,0,0,https://www.facebook.com/appledaily.tw/posts/10157037994217069,外圍人潮都拍不進去了，一路延伸 😲 (#天編 　 林志穎 Jimmy Lin #蘋果娛樂 🍎追星追美食，加入蘋果日報IG 👉 https://goo.gl/HxyZnq:=:https://www.instagram.com/appledailytw/,https://tw.entertainment.appledaily.com/realtime/20180427/1342701/,,【慎入】林志穎在對岸有多紅！看過這些照片的人都說毛,林志穎出道25年人氣不墜，今早原定在河南南陽出席商場活動，不料現場人潮擠爆，甚至有數名民眾...　,,,397.0
蘋果日報 台灣,3770980,2018-04-27 21:40:00 SGT,Link,249,35,11,1,9,11,0,75,0,,0,0,0,https://www.facebook.com/appledaily.tw/posts/10157038591497069,第一次聽到嫌不勞而獲的錢太少的！你可以自己去賺阿！,https://tw.news.appledaily.com/life/realtime/20180427/1343034/,,「借錢哥」高鐵騙錢　得逞還嗆：200元太少,高鐵售票處出現借錢哥！一位旅客近日在買高鐵票時，一名身穿白上衣、戴著口罩的陌生男子突然靠...........,,,391.0
蘋果日報 台灣,3770980,2018-04-27 23:30:00 SGT,Native Video,335,13,16,11,6,3,2,1,0,share,154957,180336,0,https://www.facebook.com/appledaily.tw/posts/10157038244612069,這聲「無罪」他等了9年 #鄉編 　　 看更多 #影片，快加入 蘋果動未條 粉絲團,https://www.facebook.com/appledaily.animation/videos/853083698224153/,,蘋果動未條,"林進龍只因為1通電話就被判18年徒刑，即使有其他證據佐證法院也不採信，如今再審終於讓他獲得平反！
　
【1通電話釀冤獄18年　漁民被栽毒終平反】
https://tw.appledaily.com/new/realtime/20180426/1341159/
　
想看更多新聞影片，請加入蘋果動未條
#冤獄  冤獄平反協會",,,387.0
蘋果日報 台灣,3770980,2018-04-27 12:12:31 SGT,Native Video,333,12,13,4,5,19,0,0,0,original,43629,44175,0,https://www.facebook.com/appledaily.tw/posts/10157037744127069,一舉一動背後都有深意呀 #鄉編 　　 圖文報導【兩韓高峰會】歷史性握手　金正恩把文在寅拉到北韓 https://tw.news.appledaily.com/international/realtime/20180427/1342529/ 　　 【#不斷更新】金正恩搭車返回北韓側吃午餐　保鑣跟著車子跑 https://tw.news.appledaily.com/international/realtime/20180427/1342467/ 　 【#火線話題】兩韓高峰會 http://bit.ly/2vSVzjM:=:https://tw.appledaily.com/column/index/682/　 #國際新聞 #蘋果國際 #KoreaSummit #남북정상회담 #김정은 #southkorea #northkorea #문재인 #MoonJaein #KimJongun #한국 #조선 #文在寅 #金正恩 #兩韓峰會,https://www.facebook.com/appledaily.tw/videos/10157037736082069/,,【兩韓高峰會】歷史性握手　金正恩把文在寅拉到北韓,,,,386.0
蘋果日報 台灣,3770980,2018-04-27 22:01:14 SGT,Link,287,25,11,20,3,32,1,1,0,,0,0,0,https://www.facebook.com/appledaily.tw/posts/10157038767167069,#蘋果獨家 國貿局為避免台灣廠商因受到美國貿易制裁波及，確實有去函給相關廠，但非禁止，主要希望這些廠商若是要出貨給中興通訊，需先取得國貿局戰略性高科技產品輸出許可，才能報運出口。 　 【#火線話題】中美貿易戰 https://goo.gl/Udm246:=:https://tw.appledaily.com/column/index/660/ 🍎加入《蘋果》LINE，隨時掌握天下事 👉 https://goo.gl/pQ9xTe:=:https://line.me/R/ti/p/%40appledailytw,https://tw.finance.appledaily.com/realtime/20180427/1343100/,,【獨家】台美聯手！傳國貿局要求廠商出貨給中興要取得許可,美國開罰重罰中國手機、電信設備製造商中興通訊（ZTE），禁止美國企業銷售零部件給中國通訊設備製造商中............,,,380.0
蘋果日報 台灣,3770980,2018-04-27 08:28:18 SGT,Link,212,87,11,2,0,53,0,7,0,,0,0,0,https://www.facebook.com/appledaily.tw/posts/10157037318027069,他揶揄說，或許會出現「襲擊行政院長及政務委員罪、襲擊立法委員罪、襲擊部長罪、襲擊校長罪、襲擊拆除大隊隊員罪、襲擊動物保護員罪等等」... #襲警罪 #法學教授 #妨害公務 《政院研議增列「襲警罪」　律師：攻擊公務員也應加重》 https://tw.news.appledaily.com/politics/realtime/20180427/1342427/,https://tw.news.appledaily.com/life/realtime/20180427/1342515/,,賴揆擬議「襲警罪」　法學教授：如何與妨害公務區隔？,,,,372.0
蘋果日報 台灣,3770980,2018-04-27 23:40:00 SGT,Link,309,0,3,7,0,0,0,1,0,,0,0,0,https://www.facebook.com/appledaily.tw/posts/10157038812537069,可愛的小寶貝，要乖乖長大唷！ 　 #蘋果國際 #英國皇室 🍎不一樣的蘋果日報，加入我們的IG吧 👉 https://goo.gl/HxyZnq:=:https://www.instagram.com/appledailytw/,https://tw.news.appledaily.com/international/realtime/20180427/1342980/,,英國小王子名字公布　路易亞瑟查爾斯,英國肯辛頓宮今天公布，威廉王子與妻子凱特的第3個小孩，名字已經取定為路.............,,,320.0
蘋果日報 台灣,3770980,2018-04-27 20:50:00 SGT,Native Video,215,33,7,2,11,24,1,5,0,original,65794,65838,0,https://www.facebook.com/appledaily.tw/posts/10157038137562069,這頂綠帽剛出爐，還是熱的呢，快戴上吧（遞） #鄉編 　　 【圖文報導】人妻在家裸睡　竟是剛與小王辦完事 https://tw.news.appledaily.com/local/realtime/20180427/1342421 　 【完整 #動新聞】 https://tw.video.appledaily.com/local/20180427/1342421/ 　 #蘋果動畫,https://www.facebook.com/appledaily.tw/videos/10157038136912069/,,人妻在家裸睡　竟是剛與小王辦完事,,,,298.0
蘋果日報 台灣,3770980,2018-04-27 18:30:00 SGT,Native Video,240,28,7,4,4,4,0,11,0,original,81835,81875,0,https://www.facebook.com/appledaily.tw/posts/10157037987852069,雖然是好心，但這種小聰明還是不要比較好啦 #鄉編 　　 【圖文報導】幫客人衝中奬機率　佛心老闆氣無發票可開 https://tw.news.appledaily.com/life/realtime/20180427/1341360 　 相關新聞【#蘋果實測】加油15分鐘拿40張發票　只賺到白眼 https://tw.news.appledaily.com/life/realtime/20180427/1342281 　 #統一發票,https://www.facebook.com/appledaily.tw/videos/10157037986677069/,,幫客人衝中奬機率　佛心老闆氣無發票可開,,,,298.0
蘋果日報 台灣,3770980,2018-04-27 12:00:02 SGT,Link,245,19,10,8,3,6,0,2,0,,0,0,0,https://www.facebook.com/appledaily.tw/posts/10157035616102069,[#特約分享]最新51區外星人訪談影片曝光！ 霍金預言地球一千年內毀滅！ 保有輪迴記憶這人說出真實經歷！ 轟動全球的怪奇傳說，還有那些驚世駭俗的事情呢？https://tw.appledaily.com/column/index/678/ #不要在深夜看或一個人的時候看 #孕婦有心臟疾病或未滿18歲者不得點進來 #還有那些秘密檔案小編隨時新增中,https://tw.appledaily.com/column/index/678/,,轟動全球怪奇傳說,【特企】你相信輪迴轉世嗎？輪迴是心靈能量的進化與成長，也許是重複出現的夢境、片段的記憶、對某些事物的直覺、又或者是既視感，當這些事物越來越清晰可見時，你會想找回輪迴過所發生的任何事物嗎？而現在，就有一...,,,293.0
蘋果日報 台灣,3770878,2018-04-27 00:30:47 SGT,Link,230,5,1,3,20,0,31,0,0,,0,0,0,https://www.facebook.com/appledaily.tw/posts/10157036382867069,#蘋果最新 R.I.P...🙏🙏🙏 　 #蘋果社會 #張昭雄,https://tw.news.appledaily.com/local/realtime/20180427/1342465/,,張昭雄獨居胞妹陳屍家中　死因仍待調查,親民黨副主席張昭雄胞妹張素娟（73歲），多年獨居在桃園蘆竹，鄰居多日未見他出門，家中卻傳出異味............,,,290.0
蘋果日報 台灣,3770980,2018-04-27 12:30:00 SGT,Native Video,231,17,13,6,1,7,0,0,0,original,55389,55707,0,https://www.facebook.com/appledaily.tw/posts/10157037639137069,雖然大家都戲謔的稱他金小胖，但別忘了他是擁核自重的北韓獨裁者 　　 圖文報導【#兩韓高峰會】意想不到的金正恩　生澀小王子變身精明政治家 https://tw.news.appledaily.com/international/realtime/20180427/1342482/ 　　 【#不斷更新】金正恩搭車返回北韓側吃午餐　保鑣跟著車子跑 https://tw.news.appledaily.com/international/realtime/20180427/1342467/ 　 【火線話題】兩韓高峰會 http://bit.ly/2vSVzjM:=:https://tw.appledaily.com/column/index/682/ #國際新聞 #蘋果國際 #KoreaSummit #남북정상회담 #김정은 #southkorea #northkorea #문재인 #MoonJaein #KimJongun #文在寅 #金正恩 #兩韓峰會,https://www.facebook.com/appledaily.tw/videos/10157037635922069/,,【兩韓高峰會】意想不到的金正恩　生澀小王子變身精明政治家,,,,275.0
蘋果日報 台灣,3770878,2018-04-27 00:20:17 SGT,Link,254,0,0,1,0,0,0,0,0,,0,0,0,https://www.facebook.com/appledaily.tw/posts/10157036364432069,都是愛家好男人啊！ 　 #蘋果娛樂 #狗仔偷拍 🍎加入《蘋果》LINE，熱門新聞報你知 👉 https://goo.gl/pQ9xTe:=:https://line.me/R/ti/p/%40appledailytw,https://tw.entertainment.appledaily.com/realtime/20180427/1342154/,,【狗仔偷拍】林嘉綺老公單挑4歲女　呂政儒聽某大丈夫,伊林名模林嘉綺和健身教練老公黃麟書（Michael）結婚7年，育有2女，夫妻倆常帶............,,,255.0
蘋果日報 台灣,3770980,2018-04-27 22:30:00 SGT,Native Video,135,44,17,5,1,36,0,15,0,share,83672,115440,0,https://www.facebook.com/appledaily.tw/posts/10157038447132069,推給高中學長是怎樣啦🤣🤣🤣 　 #蘋果影創 PressPlay Entertainment,https://www.facebook.com/AppleNews.iPlay/videos/439323123192414/,,影像創意中心,"朋友是有長這麼醜嗎😂
看了都難過了

點我看更多「委婉」的嗆聲✊
https://ppt.cc/fkUZTx:=:https://tw.appledaily.com/new/realtime/20180427/1342837

PressPlay Entertainment

#自由奔放 #無拘無束
#成語 #情境 #必取網紅
#一秒惹哭醜同學",,,253.0
蘋果日報 台灣,3770878,2018-04-27 02:30:00 SGT,Native Video,172,22,17,6,13,2,0,0,0,share,155187,180924,0,https://www.facebook.com/appledaily.tw/posts/10157035643722069,感謝醫生大大出手相救T口T 　 想看更多新聞影片，請加入 蘋果動未條,https://www.facebook.com/appledaily.animation/videos/852073231658533/,,蘋果動未條,"過去醫界僅進行過陰莖移植手術，這是全球首例移植完整陰莖、陰囊及附近腹部區域的手術，也是美國首次有傷兵接受陰莖移植，重振雄風
　
【雄風片】全球首例！成功移植陰莖陰囊　台裔名醫為美傷兵重振雄風
https://tw.appledaily.com/new/realtime/20180424/1340267/
　
想看更多新聞影片，請加入 蘋果動未條
#國際新聞 #蘋果國際",,,232.0
蘋果日報 台灣,3770980,2018-04-27 17:50:00 SGT,Native Video,146,25,25,2,1,31,0,0,0,crosspost,21402,21472,29111,https://www.facebook.com/appledaily.tw/posts/10157037727132069,你以為是友愛的表現，對狗狗來說可是大大的困擾喔 #鄉編 　　 【有狗靠北11】爽到你艱苦到牠　這樣對毛孩母湯哦 https://tw.appledaily.com/new/realtime/20180427/1342175 　 #影創中心 影像創意中心 #有狗靠北 #狗 #蘋果動畫,https://www.facebook.com/appledaily.tw/videos/10157037723967069/,,【有狗靠北11】爽到你艱苦到牠　這樣對毛孩母湯哦,,,,230.0
蘋果日報 台灣,3770980,2018-04-27 11:04:36 SGT,Link,202,3,0,0,15,1,0,8,0,,0,0,0,https://www.facebook.com/appledaily.tw/posts/10157037620467069,這案情感覺實在不單純哪，李組長你怎麼看？ 　 【醫院女廁裝針孔　涉案女護理師：一夜情遭男網友威脅】 https://tw.news.appledaily.com/local/realtime/20180426/1342413/ 　 #爆料公社,https://tw.news.appledaily.com/local/realtime/20180427/1342573/,,護理師在醫院女廁裝針孔！男友再爆她疑似做這個,新北市某醫院一名女護理師（22歲），在工作的醫院女廁安裝針孔，企圖偷拍其他女性如廁畫面。 男友發現她離譜行徑後，將訊息PO上網，護理師昨晚接...,,,229.0
蘋果日報 台灣,3770878,2018-04-27 07:45:04 SGT,Link,163,19,1,0,2,29,0,0,0,,0,0,0,https://www.facebook.com/appledaily.tw/posts/10157037232372069,念在你有創意夠噱頭還有五分鐘再做一個吧(誤 #張善政 #選戰 #台南市長 #有創意,https://tw.news.appledaily.com/politics/realtime/20180427/1342508/,,被拱參選台南市長　張善政：「有創意」,,,,214.0
蘋果日報 台灣,3770980,2018-04-27 11:50:00 SGT,Native Video,132,4,13,2,17,2,7,23,0,crosspost,42624,42757,62371,https://www.facebook.com/appledaily.tw/posts/10157035463047069,「醫師是看活人、法醫是看死人」無論美國、英國、日本，法醫都必須要有醫師資格，但台灣卻將「證照」凌駕於一切資格標準.. #海編 　　 【蘋果調查】制度害人法醫夢碎　12年努力迎來一場空 https://tw.news.appledaily.com/local/realtime/20180426/1340588/ 　 【蘋果調查】剖過千具遺體「跟往生者來往較輕鬆」 https://tw.news.appledaily.com/local/realtime/20180426/1340533 　 【蘋果調查】直擊冰冷神秘解剖室　法醫工作揭密 https://tw.news.appledaily.com/local/realtime/20180426/1340531 　　 【#蘋果調查 專題報導】屍體對話者 http://inv.appledaily.com.tw/forensic/ 壹顆蘋果 #法醫 #遺體解剖,https://www.facebook.com/appledaily.tw/videos/10157035446537069/,,制度害人法醫夢碎　12年努力迎來一場空,,,,200.0
蘋果日報 台灣,3770980,2018-04-27 17:10:00 SGT,Native Video,158,19,2,2,8,0,0,0,0,original,14385,14425,0,https://www.facebook.com/appledaily.tw/posts/10157038197932069,#文在寅 #金正恩 分別用自己國家的土地與河水種下和平之樹 　　 【#不斷更新】文金再度握手　種下和平之樹 https://tw.news.appledaily.com/international/realtime/20180427/1342467/ 　 【相關新聞】金正恩胖到喘又臉紅　全世界都注意到了 https://tw.news.appledaily.com/international/realtime/20180427/1342798/ 　 【#火線話題】兩韓高峰會 http://bit.ly/2vSVzjM:=:https://tw.appledaily.com/column/index/682/ #國際新聞 #蘋果國際 #KoreaSummit #남북정상회담 #김정은 #southkorea #northkorea #문재인 #MoonJaein #KimJongun #한국 #조선 #兩韓峰會,https://www.facebook.com/appledaily.tw/videos/10157038196482069/,,文金再度握手　種下和平之樹,,,,189.0
蘋果日報 台灣,3770980,2018-04-27 16:10:04 SGT,Link,139,20,1,5,0,13,1,2,0,,0,0,0,https://www.facebook.com/appledaily.tw/posts/10157038120352069,吵到公開了 　 #蘋果社會 吳欣盈official 李紀珠 🍎加入《蘋果》LINE，精采好聞不錯過 👉 https://goo.gl/pQ9xTe:=:https://line.me/R/ti/p/%40appledailytw,https://tw.finance.appledaily.com/realtime/20180427/1342791,,【還原現場】新光獨董：沒跟吳欣盈討論李紀珠的薪水,新光雙姝怨於本周再度成為新聞事件，事件起源於新光金的3名獨董週一原本要開會討論新光金副董事長李紀珠的薪酬...　,,,181.0
蘋果日報 台灣,3770980,2018-04-27 17:30:00 SGT,Native Video,118,11,4,4,2,26,1,0,0,original,60142,60166,0,https://www.facebook.com/appledaily.tw/posts/10157037849447069,阿霞最近的耳朵特別不好，可能要找小鮮肉清耳朵惹 #鄉編 　　 圖文報導【#木瓜霞8點檔】孫安佐洗脫媽寶變動漫狂　不知所云的還有她 https://tw.entertainment.appledaily.com/realtime/20180426/1342165 　 【完整 #動新聞】 https://tw.video.appledaily.com/entertainment/20180426/1342165/ 　 【火線話題】孫安佐涉恐攻遭逮 https://goo.gl/8K2N4H:=:https://tw.appledaily.com/column/index/662/　 #國際新聞 #蘋果國際 #孫安佐 #狄鶯 #孫鵬 #木瓜霞 #郭雪芙 郭雪芙 Puff 狄鶯,https://www.facebook.com/appledaily.tw/videos/10157037846392069/,,【木瓜霞8點檔】孫安佐洗脫媽寶變動漫狂　不知所云的還有她,,,,166.0
蘋果日報 台灣,3770980,2018-04-27 08:47:21 SGT,Link,133,11,2,1,1,4,1,10,0,,0,0,0,https://www.facebook.com/appledaily.tw/posts/10157037356742069,議員違停母湯啦～ 　 #蘋果娛樂 #歐陽龍 #違停 歐陽龍,https://tw.entertainment.appledaily.com/daily/20180427/37996946/,,歐陽龍連踩兩紅線 違停洽公外傭遛狗,【特勤組、葉文正╱台北報導】市議員歐陽龍與傅娟育有妮妮、娜娜、娣娣3個漂亮女兒，明星家庭美滿和樂，妮妮、娜娜也已工作，自食其力。日前《蘋果》...,,,163.0
蘋果日報 台灣,3770878,2018-04-27 06:30:00 SGT,Native Video,113,1,29,3,7,1,2,0,0,share,84659,99463,0,https://www.facebook.com/appledaily.tw/posts/10157035642212069,近視跟老花抵銷，別作夢啦！還是好好照顧自己眼睛吧 　 想看更多 #長知識 影片，請加入 蘋果動未條,https://www.facebook.com/appledaily.animation/videos/852063668326156/,,蘋果動未條,"近視能抵銷老花度數的觀念其實並不正確喔！！！
　 
【#一日醫蘋果】近視老花抵消？遠近有差別
https://tw.appledaily.com/new/realtime/20180424/1334096/
　
想看更多 #長知識 影片，請加入蘋果動未條 
#看蘋果長知識 #健康",,,156.0
蘋果日報 台灣,3770980,2018-04-27 16:50:00 SGT,Native Video,101,18,1,2,1,29,0,1,0,original,42693,42694,0,https://www.facebook.com/appledaily.tw/posts/10157037937322069,"等等，你跟洋男回房還全身只穿一條內褲，休息完因為開燈被笑所以傳訊給""男友""？？你男友最近484有電影上映，復仇什麼聯盟，力氣很大會變身那個？？ #鄉編 　　 【圖文報導】火紅內褲藏不住濃密OO　洋腸開燈狂笑不止 https://tw.news.appledaily.com/local/realtime/20180427/1342434",https://www.facebook.com/appledaily.tw/videos/10157037934912069/,,火紅內褲藏不住濃密毛髮　洋腸開燈狂笑不止,,,,153.0
蘋果日報 台灣,3770878,2018-04-27 06:00:02 SGT,Photo,100,7,4,4,2,0,0,0,0,,0,0,0,https://www.facebook.com/appledaily.tw/posts/10157036446177069,早安☀☀今天是《蘋果日報》贈送《復仇者聯盟3》海報活動的最後一天呀！ 手腳太慢可是搶不到的，機會不等人唷！ 快快出門買《蘋果日報》啦！ 　 【《復仇者聯盟3》23款超級英雄海報一覽】https://www.facebook.com/appledaily.tw/posts/10157031214957069 　 #蘋果娛樂 #蘋果日報 #復仇者3 #可口可樂zero #復仇者聯盟 #漫威 🍎追星追美食，加入蘋果日報IG 👉 https://goo.gl/HxyZnq:=:https://www.instagram.com/appledailytw/,https://www.facebook.com/appledaily.tw/photos/a.364361237068.207658.232633627068/10157036438692069/?type=3,,Photos from 蘋果日報 台灣's post,,,,117.0
蘋果日報 台灣,3770980,2018-04-27 10:50:00 SGT,Native Video,92,7,3,3,1,4,0,0,0,original,35432,35464,0,https://www.facebook.com/appledaily.tw/posts/10157037536127069,世紀峰會將持續一整天，請鎖定 蘋果日報 台灣一起見證歷史！ 　　 圖文報導【#兩韓高峰會】內行看門道　別錯過「文金會」8大看點 https://tw.news.appledaily.com/international/realtime/20180427/1342490/　 　　 【#不斷更新】金正恩：花了11年徒步200公尺跨越南方 https://tw.news.appledaily.com/international/realtime/20180427/1342467/ 　 【#蘋果LIVE】兩韓領導人高峰會part3 https://www.facebook.com/appledaily.tw/videos/10157037464717069/ 　 【#火線話題】兩韓高峰會 http://bit.ly/2vSVzjM:=:https://tw.appledaily.com/column/index/682/ #國際新聞 #蘋果國際 #KoreaSummit #남북정상회담 #김정은 #southkorea #northkorea #문재인 #MoonJaein #KimJongun #한국 #조선 #文在寅 #金正恩 #兩韓峰會,https://www.facebook.com/appledaily.tw/videos/10157037533502069/,,【兩韓高峰會】內行看門道　別錯過「文金會」8大看點,,,,110.0
蘋果日報 台灣,3770878,2018-04-27 08:02:12 SGT,Link,94,2,2,1,4,0,0,0,0,,0,0,0,https://www.facebook.com/appledaily.tw/posts/10157037270627069,#最新 #蘋果live #直播預告 《蘋果》帶您直擊兩韓高峰會！#41J 將擔任口譯員！ #金正恩 #文在寅 #兩韓高峰會 #板門店 #歷史一刻,https://tw.appledaily.com/new/realtime/20180427/1342467,,​【兩韓高峰會】金正恩將抵板門店　鎖定《蘋果》08:25直播世紀「文金會」,,,,103.0
蘋果日報 台灣,3770878,2018-04-27 01:30:00 SGT,Native Video,96,0,4,0,2,0,0,0,0,original,27127,27129,0,https://www.facebook.com/appledaily.tw/posts/10157035203902069,除了警察、檢察官，還有一個默默挖掘真相的人，就是法醫。沒想到我們平常用的園藝剪，對法醫來說是剪肋骨的工具..　#海編 　 【#蘋果調查】直擊冰冷神秘解剖室　法醫工作揭密 https://tw.news.appledaily.com/local/realtime/20180426/1340531 　 【蘋果調查】剖過千具遺體「跟往生者來往較輕鬆」 https://tw.news.appledaily.com/local/realtime/20180426/1340533 #法醫 #遺體解剖,https://www.facebook.com/appledaily.tw/videos/10157035181867069/,,【蘋果調查】直擊冰冷神秘解剖室　法醫工作揭密,,,,102.0
蘋果日報 台灣,3770980,2018-04-27 08:20:32 SGT,Photo,86,0,4,2,0,0,0,0,0,,0,0,0,https://www.facebook.com/appledaily.tw/posts/10157037300752069,林進龍因一通電話被重判18年定讞，含冤9年終獲無罪，他的心中一定有無限感概......更多相關報導，請看今天的《蘋果日報》！ 此外，今天是最後一天送《復仇者聯盟3》2款雙面海報，想收藏的粉粉得快點去便利商店購買呀～ 　 【「我不是壞人」漁民被誣運毒 含冤9年終無罪】 https://tw.news.appledaily.com/headline/daily/20180427/37997098/ 　 【文在寅 金正恩今會談 歷史一刻 北韓領導人首跨北緯38度線】 https://tw.news.appledaily.com/international/daily/20180427/37997145/ 　 【《蘋果》揭密解剖室 全台僅3法醫可執刀】 https://tw.news.appledaily.com/headline/daily/20180427/37997197/ 　 #蘋果要聞 #蘋果頭條 #可口可樂zero #復仇者聯盟,https://www.facebook.com/appledaily.tw/photos/a.364361237068.207658.232633627068/10157037272277069/?type=3,,Photos from 蘋果日報 台灣's post,,,,92.0
蘋果日報 台灣,3770980,2018-04-27 23:50:00 SGT,Native Video,57,7,7,0,0,17,0,0,0,share,27141,40748,0,https://www.facebook.com/appledaily.tw/posts/10157038343037069,第二個是想霸凌邊緣人吧QAQ #鄉編 　 #影創中心 影像創意中心 小李 李俊毅,https://www.facebook.com/AppleNews.iPlay/videos/439297109861682/,,影像創意中心,"快標記抖音中毒的朋友

點我看崩壞版抖音👉
https://ppt.cc/fktiVx:=:https://tw.appledaily.com/new/realtime/20180427/1342838

小李 李俊毅

#抖音中毒 #朋友森七七
#終結 #改編 #師傅我堅持不住啦",,,88.0
蘋果日報 台灣,3770980,2018-04-27 10:18:47 SGT,Native Video,74,0,0,5,1,1,0,0,0,share,10482,24593,0,https://www.facebook.com/appledaily.tw/posts/10157037537202069,漂流九百多天的相機終於要物歸原主啦～,https://www.facebook.com/apple.realtimenews/videos/1563553293767871/,,蘋果日報即時新聞,"【#直播 #Live 進行中】🍎
主播 葉怡瑩🙋
最佳台日友好🇹🇼🇯🇵
🐬漂流943天  相機📷物歸原主
神奇相機的國民外交課

#宜蘭岳明國小
#椿原世梨奈
#Serina Tsubakihara
#漂流相機
#camera
#台日友好
#Taiwan
#淨灘
#神奇相機的國民外交課
#Canon
#讓台灣紅遍全世界的海漂相機
#突發中心 #美女主播",,,81.0
蘋果日報 台灣,3770980,2018-04-27 19:50:00 SGT,Native Video,55,2,4,1,1,3,1,0,0,share,45227,53070,0,https://www.facebook.com/appledaily.tw/posts/10157038114252069,警察啦、牙醫啦、樓下阿罵啦，都是很容易生氣的角色呢～ #鄉編 　 #影創中心 影像創意中心 媽媽秀,https://www.facebook.com/AppleNews.iPlay/videos/439231243201602/,,影像創意中心,"走過最深的路
是媽媽的套路😂😂😂
-
點我看當年你一定都中過的招
👉https://ppt.cc/fXHhdx:=:https://tw.appledaily.com/new/realtime/20180427/1342709
-
媽媽秀

#媽媽 #管教 #馭兒 #中招 #套路太深",,,67.0
蘋果日報 台灣,3770980,2018-04-27 11:07:51 SGT,Native Video,27,0,1,0,0,0,0,0,0,share,6803,14508,0,https://www.facebook.com/appledaily.tw/posts/10157037626482069,日前榮獲米其林二星的台灣祥雲龍吟之唎酒師張鴻亮，來帶粉粉逛他推薦清酒與最佳的餐酒搭配法～ 　 #未成年請勿飲酒 #喝酒不開車開車不喝酒,https://www.facebook.com/apple.realtimenews/videos/1563595847096949/,,蘋果日報即時新聞,"【米其林二星唎酒師 帶逛酒展傳授完美搭餐學】

台北國際純酒展今天起~4/30於世貿三館舉行，參展店家較去年多2成5，更號召各日本酒商，挑戰全台最大日本酒區，包括自然滴落到斗瓶的大吟釀、宇宙歸來酵母的製成酒、生蠔專用酒，更首度曝光全球第一瓶日本水楢桶風味蘇格蘭威士，《蘋果》副刊特別找來日前榮獲米其林二星的台灣祥雲龍吟之唎酒師~張鴻亮，帶逛他推薦清酒與最佳的餐酒搭配法。

《未成年請勿飲酒》

#台北國際純酒展
#世貿三館
#祥雲龍吟
#米其林",,,28.0
蘋果日報 台灣,3770980,2018-04-27 16:00:02 SGT,Link,21,0,0,1,0,0,0,0,0,,0,0,0,https://www.facebook.com/appledaily.tw/posts/10157035167552069,[#特約分享] 母愛真偉大💖❤❤💖但母親節根本是全天下女性的SHOPPING節呀😎😎🛍🛍 膠原蛋白不要跑~~~原來可以用穿的？！ 😘😘😘😘母親節檔期指定商品65折！ 搶貨趁現在呀！🏃‍♀🏃‍♂♀🏃‍♀🏃‍♂♂ #母親節好快樂 #買了多少不要問,https://tw.news.appledaily.com/headline/daily/20180423/37992090/,,母親節到了快搶貨！膠原蛋白美容衣下殺65折,【特企】母親節即將到來，各大百貨、餐廳、旅館…等等紛紛推出優惠搶攻女性商機，尤其是美妝保養品，母親節更是等同於週年慶的「重點採購季」，春夏換...,171206582913861,Fashion Cookie 時尚餅乾,22.0
